SA_POS,ADJ_PREV,HAS_RC,TEXT,CENT
BEFORE,N,Y,firstgrammar,12
BEFORE,N,Y,firstgrammar,12
AFTER,N,Y,firstgrammar,12
BEFORE,N,Y,firstgrammar,12
AFTER,N,Y,firstgrammar,12
AFTER,N,Y,firstgrammar,12
BEFORE,N,Y,firstgrammar,12
BEFORE,N,Y,firstgrammar,12
BEFORE,N,N,firstgrammar,12
BEFORE,N,N,firstgrammar,12
BEFORE,N,Y,firstgrammar,12
AFTER,N,Y,firstgrammar,12
BEFORE,N,N,firstgrammar,12
BEFORE,N,N,firstgrammar,12
BEFORE,N,N,firstgrammar,12
BEFORE,N,N,firstgrammar,12
BEFORE,N,Y,firstgrammar,12
BEFORE,N,Y,firstgrammar,12
BEFORE,N,N,firstgrammar,12
BEFORE,N,N,firstgrammar,12
BEFORE,N,Y,firstgrammar,12
AFTER,N,Y,firstgrammar,12
BEFORE,N,N,firstgrammar,12
BEFORE,N,N,firstgrammar,12
BEFORE,N,N,firstgrammar,12
BEFORE,N,Y,firstgrammar,12
BEFORE,N,N,firstgrammar,12
BEFORE,N,N,firstgrammar,12
BEFORE,N,N,firstgrammar,12
BEFORE,N,N,firstgrammar,12
BEFORE,N,Y,firstgrammar,12
AFTER,N,Y,firstgrammar,12
AFTER,N,Y,firstgrammar,12
BEFORE,N,Y,firstgrammar,12
BEFORE,N,N,firstgrammar,12
BEFORE,N,N,firstgrammar,12
BEFORE,N,N,firstgrammar,12
BEFORE,N,N,firstgrammar,12
BEFORE,N,Y,firstgrammar,12
BEFORE,N,N,firstgrammar,12
BEFORE,N,N,firstgrammar,12
BEFORE,N,Y,firstgrammar,12
AFTER,N,Y,firstgrammar,12
BEFORE,N,N,firstgrammar,12
BEFORE,N,N,firstgrammar,12
BEFORE,N,Y,firstgrammar,12
AFTER,N,Y,homiliubok,12
BEFORE,N,N,homiliubok,12
AFTER,N,Y,homiliubok,12
BEFORE,N,N,homiliubok,12
AFTER,N,Y,homiliubok,12
BEFORE,N,Y,homiliubok,12
BEFORE,N,N,homiliubok,12
BEFORE,N,Y,homiliubok,12
BEFORE,N,N,homiliubok,12
BEFORE,N,Y,homiliubok,12
BEFORE,N,N,homiliubok,12
BEFORE,N,Y,homiliubok,12
BEFORE,N,Y,homiliubok,12
BEFORE,N,Y,homiliubok,12
BEFORE,N,N,homiliubok,12
BEFORE,N,Y,homiliubok,12
BEFORE,N,Y,homiliubok,12
AFTER,N,Y,homiliubok,12
BEFORE,N,Y,homiliubok,12
BEFORE,N,Y,homiliubok,12
AFTER,N,Y,homiliubok,12
BEFORE,N,N,homiliubok,12
BEFORE,N,Y,homiliubok,12
BEFORE,N,N,homiliubok,12
BEFORE,N,Y,homiliubok,12
AFTER,N,Y,homiliubok,12
BEFORE,N,Y,homiliubok,12
BEFORE,N,N,homiliubok,12
AFTER,N,N,homiliubok,12
BEFORE,N,Y,homiliubok,12
BEFORE,N,Y,homiliubok,12
BEFORE,N,Y,homiliubok,12
BEFORE,N,Y,homiliubok,12
BEFORE,N,Y,homiliubok,12
AFTER,N,Y,homiliubok,12
BEFORE,N,Y,homiliubok,12
AFTER,N,N,homiliubok,12
BEFORE,N,N,homiliubok,12
BEFORE,N,Y,homiliubok,12
BEFORE,N,Y,homiliubok,12
BEFORE,N,N,homiliubok,12
BEFORE,N,N,homiliubok,12
BEFORE,N,N,homiliubok,12
BEFORE,N,N,homiliubok,12
BEFORE,N,N,homiliubok,12
BEFORE,N,Y,homiliubok,12
BEFORE,N,Y,homiliubok,12
AFTER,N,Y,homiliubok,12
AFTER,N,N,homiliubok,12
BEFORE,N,Y,homiliubok,12
BEFORE,N,Y,homiliubok,12
BEFORE,N,Y,homiliubok,12
BEFORE,N,N,homiliubok,12
AFTER,N,Y,homiliubok,12
BEFORE,N,N,homiliubok,12
BEFORE,N,N,homiliubok,12
BEFORE,N,N,homiliubok,12
BEFORE,N,N,homiliubok,12
BEFORE,N,N,homiliubok,12
BEFORE,N,N,homiliubok,12
BEFORE,N,N,homiliubok,12
BEFORE,N,Y,homiliubok,12
BEFORE,N,N,homiliubok,12
BEFORE,N,Y,homiliubok,12
BEFORE,N,Y,homiliubok,12
AFTER,N,Y,homiliubok,12
BEFORE,N,N,homiliubok,12
BEFORE,N,Y,homiliubok,12
BEFORE,N,N,homiliubok,12
AFTER,N,Y,homiliubok,12
BEFORE,N,Y,homiliubok,12
BEFORE,N,N,homiliubok,12
BEFORE,N,N,homiliubok,12
BEFORE,N,N,homiliubok,12
BEFORE,N,Y,homiliubok,12
AFTER,N,Y,homiliubok,12
BEFORE,N,Y,homiliubok,12
BEFORE,N,N,homiliubok,12
BEFORE,N,N,homiliubok,12
BEFORE,N,Y,homiliubok,12
AFTER,N,N,homiliubok,12
BEFORE,N,Y,homiliubok,12
BEFORE,N,N,homiliubok,12
BEFORE,N,N,homiliubok,12
BEFORE,N,N,homiliubok,12
BEFORE,N,N,homiliubok,12
BEFORE,N,N,homiliubok,12
BEFORE,N,N,homiliubok,12
BEFORE,N,N,homiliubok,12
BEFORE,N,Y,homiliubok,12
AFTER,N,Y,homiliubok,12
AFTER,N,N,homiliubok,12
AFTER,N,N,homiliubok,12
BEFORE,N,Y,homiliubok,12
BEFORE,N,N,homiliubok,12
BEFORE,N,Y,homiliubok,12
BEFORE,N,Y,homiliubok,12
AFTER,N,Y,homiliubok,12
BEFORE,N,N,homiliubok,12
BEFORE,N,N,homiliubok,12
BEFORE,N,N,homiliubok,12
BEFORE,N,N,homiliubok,12
BEFORE,N,N,homiliubok,12
BEFORE,N,N,homiliubok,12
BEFORE,N,N,homiliubok,12
AFTER,N,Y,homiliubok,12
BEFORE,N,Y,homiliubok,12
BEFORE,N,Y,homiliubok,12
BEFORE,N,N,homiliubok,12
AFTER,N,N,homiliubok,12
BEFORE,N,Y,homiliubok,12
BEFORE,N,N,homiliubok,12
BEFORE,N,N,homiliubok,12
BEFORE,N,N,homiliubok,12
BEFORE,N,N,homiliubok,12
BEFORE,N,Y,homiliubok,12
BEFORE,N,N,homiliubok,12
AFTER,N,Y,homiliubok,12
BEFORE,N,Y,homiliubok,12
AFTER,N,Y,homiliubok,12
BEFORE,N,Y,homiliubok,12
AFTER,N,Y,homiliubok,12
AFTER,N,Y,homiliubok,12
BEFORE,N,N,homiliubok,12
AFTER,N,Y,homiliubok,12
AFTER,N,Y,homiliubok,12
BEFORE,N,Y,homiliubok,12
BEFORE,N,Y,homiliubok,12
BEFORE,N,Y,homiliubok,12
BEFORE,N,Y,homiliubok,12
BEFORE,N,Y,homiliubok,12
BEFORE,N,Y,homiliubok,12
BEFORE,N,N,homiliubok,12
BEFORE,N,N,homiliubok,12
AFTER,N,Y,homiliubok,12
AFTER,N,Y,homiliubok,12
AFTER,N,Y,homiliubok,12
BEFORE,N,N,homiliubok,12
BEFORE,N,N,homiliubok,12
AFTER,N,Y,homiliubok,12
AFTER,N,Y,homiliubok,12
BEFORE,N,N,homiliubok,12
BEFORE,N,N,homiliubok,12
BEFORE,N,N,homiliubok,12
AFTER,N,Y,homiliubok,12
BEFORE,N,N,homiliubok,12
BEFORE,N,N,homiliubok,12
BEFORE,N,N,homiliubok,12
AFTER,N,Y,homiliubok,12
BEFORE,N,N,homiliubok,12
AFTER,Y,Y,homiliubok,12
BEFORE,N,Y,homiliubok,12
AFTER,N,Y,homiliubok,12
BEFORE,N,N,homiliubok,12
BEFORE,N,N,homiliubok,12
BEFORE,N,Y,homiliubok,12
BEFORE,N,Y,homiliubok,12
BEFORE,N,Y,homiliubok,12
BEFORE,N,Y,homiliubok,12
BEFORE,N,Y,homiliubok,12
BEFORE,N,Y,homiliubok,12
BEFORE,N,N,homiliubok,12
BEFORE,N,Y,homiliubok,12
BEFORE,N,Y,homiliubok,12
AFTER,N,N,homiliubok,12
BEFORE,N,N,homiliubok,12
AFTER,N,Y,homiliubok,12
AFTER,N,Y,homiliubok,12
BEFORE,N,N,homiliubok,12
BEFORE,N,N,homiliubok,12
BEFORE,N,Y,homiliubok,12
AFTER,N,Y,homiliubok,12
BEFORE,N,N,homiliubok,12
BEFORE,N,N,homiliubok,12
BEFORE,N,N,homiliubok,12
AFTER,N,Y,homiliubok,12
BEFORE,N,Y,homiliubok,12
BEFORE,N,N,homiliubok,12
BEFORE,N,Y,homiliubok,12
BEFORE,N,N,homiliubok,12
BEFORE,N,N,homiliubok,12
BEFORE,N,N,homiliubok,12
AFTER,N,Y,homiliubok,12
BEFORE,N,N,homiliubok,12
AFTER,N,Y,homiliubok,12
BEFORE,N,N,homiliubok,12
AFTER,N,Y,homiliubok,12
AFTER,Y,Y,homiliubok,12
BEFORE,N,N,homiliubok,12
BEFORE,N,Y,homiliubok,12
BEFORE,N,N,homiliubok,12
AFTER,N,N,homiliubok,12
BEFORE,N,Y,homiliubok,12
BEFORE,N,N,homiliubok,12
BEFORE,N,N,homiliubok,12
AFTER,N,Y,homiliubok,12
AFTER,N,Y,homiliubok,12
BEFORE,N,Y,homiliubok,12
BEFORE,N,Y,homiliubok,12
BEFORE,N,Y,homiliubok,12
BEFORE,N,Y,homiliubok,12
AFTER,N,Y,homiliubok,12
BEFORE,N,N,homiliubok,12
BEFORE,N,N,homiliubok,12
BEFORE,N,Y,homiliubok,12
BEFORE,N,Y,homiliubok,12
AFTER,N,Y,homiliubok,12
AFTER,N,Y,homiliubok,12
AFTER,N,Y,homiliubok,12
BEFORE,N,N,homiliubok,12
BEFORE,N,N,homiliubok,12
BEFORE,N,Y,homiliubok,12
AFTER,N,Y,homiliubok,12
BEFORE,N,Y,homiliubok,12
BEFORE,N,Y,homiliubok,12
BEFORE,N,Y,homiliubok,12
BEFORE,N,N,homiliubok,12
BEFORE,N,N,homiliubok,12
BEFORE,N,Y,homiliubok,12
BEFORE,N,N,homiliubok,12
BEFORE,N,N,homiliubok,12
AFTER,N,Y,homiliubok,12
BEFORE,N,Y,homiliubok,12
BEFORE,N,N,homiliubok,12
AFTER,N,N,homiliubok,12
BEFORE,N,N,homiliubok,12
BEFORE,N,N,homiliubok,12
BEFORE,N,N,homiliubok,12
BEFORE,N,Y,homiliubok,12
BEFORE,N,Y,homiliubok,12
BEFORE,N,Y,homiliubok,12
BEFORE,N,N,homiliubok,12
AFTER,N,N,homiliubok,12
BEFORE,N,Y,homiliubok,12
BEFORE,N,Y,homiliubok,12
BEFORE,N,N,homiliubok,12
BEFORE,N,N,homiliubok,12
AFTER,N,Y,homiliubok,12
AFTER,N,N,homiliubok,12
AFTER,N,Y,homiliubok,12
AFTER,N,N,homiliubok,12
AFTER,N,Y,homiliubok,12
BEFORE,N,N,homiliubok,12
AFTER,N,Y,homiliubok,12
BEFORE,N,Y,homiliubok,12
AFTER,N,Y,homiliubok,12
BEFORE,N,N,homiliubok,12
BEFORE,N,N,homiliubok,12
BEFORE,N,N,homiliubok,12
BEFORE,N,Y,homiliubok,12
AFTER,N,Y,homiliubok,12
AFTER,N,Y,homiliubok,12
AFTER,N,Y,homiliubok,12
BEFORE,N,N,homiliubok,12
AFTER,N,Y,homiliubok,12
BEFORE,N,N,homiliubok,12
AFTER,N,Y,homiliubok,12
BEFORE,N,Y,homiliubok,12
BEFORE,N,N,homiliubok,12
BEFORE,N,N,homiliubok,12
AFTER,N,Y,homiliubok,12
BEFORE,N,N,homiliubok,12
AFTER,Y,Y,homiliubok,12
AFTER,Y,Y,homiliubok,12
AFTER,N,Y,homiliubok,12
AFTER,N,Y,homiliubok,12
BEFORE,N,Y,homiliubok,12
BEFORE,N,N,homiliubok,12
AFTER,N,Y,homiliubok,12
BEFORE,N,N,homiliubok,12
AFTER,Y,Y,homiliubok,12
AFTER,N,Y,homiliubok,12
AFTER,N,Y,homiliubok,12
BEFORE,N,Y,homiliubok,12
BEFORE,N,N,homiliubok,12
AFTER,N,Y,homiliubok,12
BEFORE,N,N,homiliubok,12
AFTER,Y,Y,homiliubok,12
AFTER,N,Y,homiliubok,12
AFTER,N,Y,homiliubok,12
AFTER,Y,Y,homiliubok,12
BEFORE,N,Y,homiliubok,12
BEFORE,N,N,homiliubok,12
AFTER,N,Y,homiliubok,12
BEFORE,N,Y,homiliubok,12
AFTER,N,Y,homiliubok,12
BEFORE,N,Y,homiliubok,12
AFTER,N,Y,homiliubok,12
BEFORE,N,Y,homiliubok,12
BEFORE,N,N,homiliubok,12
AFTER,N,N,homiliubok,12
BEFORE,N,N,homiliubok,12
BEFORE,N,N,homiliubok,12
BEFORE,N,Y,homiliubok,12
BEFORE,N,Y,homiliubok,12
BEFORE,N,N,homiliubok,12
BEFORE,N,N,homiliubok,12
AFTER,N,Y,homiliubok,12
BEFORE,N,Y,homiliubok,12
AFTER,N,Y,homiliubok,12
AFTER,N,Y,homiliubok,12
BEFORE,N,N,homiliubok,12
BEFORE,N,N,homiliubok,12
AFTER,N,Y,homiliubok,12
AFTER,N,Y,homiliubok,12
AFTER,N,Y,homiliubok,12
AFTER,Y,Y,homiliubok,12
AFTER,N,Y,homiliubok,12
BEFORE,N,N,homiliubok,12
BEFORE,N,N,homiliubok,12
BEFORE,N,Y,homiliubok,12
BEFORE,N,N,homiliubok,12
BEFORE,N,N,homiliubok,12
AFTER,N,Y,homiliubok,12
AFTER,Y,Y,homiliubok,12
AFTER,N,Y,homiliubok,12
AFTER,Y,Y,homiliubok,12
AFTER,N,Y,homiliubok,12
AFTER,N,Y,homiliubok,12
BEFORE,N,Y,homiliubok,12
AFTER,N,Y,homiliubok,12
BEFORE,N,N,homiliubok,12
BEFORE,N,N,homiliubok,12
BEFORE,N,N,homiliubok,12
AFTER,N,Y,homiliubok,12
AFTER,N,N,homiliubok,12
BEFORE,N,N,homiliubok,12
AFTER,N,Y,homiliubok,12
BEFORE,N,N,homiliubok,12
BEFORE,N,N,homiliubok,12
BEFORE,N,N,homiliubok,12
BEFORE,N,N,homiliubok,12
BEFORE,N,N,homiliubok,12
BEFORE,N,Y,homiliubok,12
AFTER,N,Y,homiliubok,12
AFTER,N,Y,homiliubok,12
BEFORE,N,N,homiliubok,12
BEFORE,N,Y,jartein,13
AFTER,N,Y,jartein,13
BEFORE,N,N,jartein,13
BEFORE,N,N,jartein,13
AFTER,N,Y,jartein,13
BEFORE,N,N,jartein,13
BEFORE,N,Y,jartein,13
AFTER,N,Y,jartein,13
BEFORE,N,Y,jartein,13
AFTER,N,Y,jartein,13
BEFORE,N,N,jartein,13
BEFORE,N,N,jartein,13
BEFORE,N,N,jartein,13
BEFORE,N,N,jartein,13
BEFORE,N,Y,jartein,13
BEFORE,N,N,jartein,13
BEFORE,N,N,jartein,13
BEFORE,N,N,jartein,13
AFTER,N,Y,jartein,13
AFTER,N,Y,jartein,13
BEFORE,N,N,jartein,13
BEFORE,N,N,jartein,13
AFTER,N,Y,jartein,13
BEFORE,N,Y,jartein,13
BEFORE,N,Y,jartein,13
AFTER,N,Y,jartein,13
AFTER,N,Y,jartein,13
BEFORE,N,N,jartein,13
BEFORE,N,Y,jartein,13
AFTER,N,Y,jartein,13
AFTER,N,N,jartein,13
AFTER,N,Y,jartein,13
AFTER,N,Y,jartein,13
BEFORE,N,Y,jartein,13
BEFORE,N,N,jartein,13
BEFORE,N,Y,jartein,13
BEFORE,N,N,jartein,13
AFTER,N,Y,jartein,13
AFTER,N,Y,jartein,13
BEFORE,N,Y,jartein,13
BEFORE,N,N,jartein,13
BEFORE,N,Y,jartein,13
AFTER,N,Y,jartein,13
AFTER,N,Y,jartein,13
BEFORE,N,Y,jartein,13
BEFORE,N,N,jartein,13
BEFORE,N,N,jartein,13
AFTER,N,Y,jartein,13
AFTER,N,Y,jartein,13
AFTER,N,Y,jartein,13
BEFORE,N,N,jartein,13
BEFORE,N,N,jartein,13
BEFORE,N,N,jartein,13
BEFORE,N,Y,jartein,13
AFTER,N,Y,jartein,13
BEFORE,N,N,jartein,13
BEFORE,N,N,jartein,13
BEFORE,N,N,jartein,13
AFTER,N,Y,jartein,13
BEFORE,N,N,jartein,13
BEFORE,N,N,jartein,13
BEFORE,N,N,jartein,13
BEFORE,N,Y,jartein,13
BEFORE,N,N,jartein,13
AFTER,N,Y,jartein,13
BEFORE,N,Y,jartein,13
BEFORE,N,N,jartein,13
BEFORE,N,N,jartein,13
BEFORE,N,N,jartein,13
BEFORE,N,N,jartein,13
BEFORE,N,N,jartein,13
BEFORE,N,Y,jartein,13
BEFORE,N,Y,jartein,13
BEFORE,N,N,jartein,13
BEFORE,N,N,jartein,13
AFTER,N,Y,jartein,13
BEFORE,N,N,jartein,13
BEFORE,N,Y,jartein,13
AFTER,N,Y,jartein,13
BEFORE,N,N,jartein,13
AFTER,N,N,jartein,13
AFTER,N,Y,jartein,13
BEFORE,N,Y,jartein,13
BEFORE,N,Y,jartein,13
BEFORE,N,N,jartein,13
AFTER,N,Y,jartein,13
BEFORE,N,Y,jartein,13
AFTER,N,Y,jartein,13
AFTER,N,Y,jartein,13
BEFORE,N,N,jartein,13
BEFORE,N,Y,jartein,13
AFTER,N,Y,jartein,13
BEFORE,N,Y,jartein,13
BEFORE,N,Y,jartein,13
BEFORE,N,Y,jartein,13
AFTER,N,Y,jartein,13
BEFORE,N,N,jartein,13
BEFORE,N,N,jartein,13
BEFORE,N,N,jartein,13
AFTER,N,Y,jartein,13
BEFORE,N,Y,jartein,13
BEFORE,N,Y,jartein,13
AFTER,N,Y,jartein,13
BEFORE,N,N,jartein,13
BEFORE,N,Y,jartein,13
BEFORE,N,N,jartein,13
BEFORE,N,N,jartein,13
BEFORE,N,Y,jartein,13
BEFORE,N,N,jartein,13
AFTER,N,Y,jartein,13
BEFORE,N,Y,jartein,13
AFTER,N,Y,jartein,13
BEFORE,N,Y,jartein,13
AFTER,N,Y,jartein,13
BEFORE,N,Y,jartein,13
BEFORE,N,Y,jartein,13
BEFORE,N,Y,jartein,13
AFTER,N,Y,jartein,13
AFTER,N,Y,jartein,13
BEFORE,N,N,jartein,13
BEFORE,N,N,jartein,13
BEFORE,N,Y,jartein,13
BEFORE,N,Y,thorlakur,13
AFTER,N,Y,thorlakur,13
AFTER,N,Y,thorlakur,13
BEFORE,N,Y,thorlakur,13
BEFORE,N,N,thorlakur,13
BEFORE,N,Y,thorlakur,13
BEFORE,N,N,thorlakur,13
BEFORE,N,N,thorlakur,13
BEFORE,N,N,thorlakur,13
BEFORE,N,N,thorlakur,13
AFTER,N,Y,thorlakur,13
BEFORE,N,Y,thorlakur,13
BEFORE,N,N,thorlakur,13
BEFORE,N,Y,thorlakur,13
BEFORE,N,N,thorlakur,13
BEFORE,N,Y,thorlakur,13
AFTER,N,Y,thorlakur,13
AFTER,N,Y,thorlakur,13
AFTER,N,Y,thorlakur,13
BEFORE,N,Y,thorlakur,13
BEFORE,N,Y,thorlakur,13
BEFORE,N,Y,thorlakur,13
BEFORE,N,N,thorlakur,13
BEFORE,N,Y,thorlakur,13
BEFORE,N,Y,thorlakur,13
BEFORE,N,Y,thorlakur,13
BEFORE,N,N,thorlakur,13
AFTER,N,Y,thorlakur,13
AFTER,N,Y,thorlakur,13
BEFORE,N,N,thorlakur,13
BEFORE,N,N,thorlakur,13
BEFORE,N,N,thorlakur,13
BEFORE,N,N,thorlakur,13
AFTER,Y,Y,thorlakur,13
BEFORE,N,Y,thorlakur,13
BEFORE,N,Y,thorlakur,13
BEFORE,N,N,thorlakur,13
BEFORE,N,N,thorlakur,13
BEFORE,N,Y,thorlakur,13
BEFORE,N,N,thorlakur,13
BEFORE,N,Y,thorlakur,13
BEFORE,N,Y,thorlakur,13
BEFORE,N,Y,thorlakur,13
BEFORE,N,N,thorlakur,13
AFTER,N,Y,thorlakur,13
BEFORE,N,Y,thorlakur,13
BEFORE,N,Y,thorlakur,13
BEFORE,N,Y,thorlakur,13
BEFORE,N,N,thorlakur,13
BEFORE,N,Y,thorlakur,13
BEFORE,N,Y,thorlakur,13
BEFORE,N,N,thorlakur,13
BEFORE,N,N,thorlakur,13
BEFORE,N,N,thorlakur,13
AFTER,N,Y,thorlakur,13
BEFORE,N,N,thorlakur,13
BEFORE,N,N,thorlakur,13
BEFORE,N,N,thorlakur,13
BEFORE,N,Y,thorlakur,13
BEFORE,N,N,thorlakur,13
BEFORE,N,Y,thorlakur,13
BEFORE,N,N,thorlakur,13
BEFORE,N,N,thorlakur,13
BEFORE,N,Y,thorlakur,13
BEFORE,N,Y,thorlakur,13
BEFORE,N,N,thorlakur,13
BEFORE,N,Y,thorlakur,13
AFTER,N,Y,thorlakur,13
BEFORE,N,N,thorlakur,13
BEFORE,N,Y,thorlakur,13
AFTER,N,Y,thorlakur,13
BEFORE,N,Y,thorlakur,13
AFTER,N,Y,thorlakur,13
BEFORE,N,N,thorlakur,13
BEFORE,N,Y,thorlakur,13
AFTER,N,Y,thorlakur,13
AFTER,N,Y,thorlakur,13
BEFORE,N,Y,thorlakur,13
BEFORE,N,N,thorlakur,13
BEFORE,N,N,thorlakur,13
BEFORE,N,N,thorlakur,13
AFTER,N,Y,thorlakur,13
BEFORE,N,N,thorlakur,13
BEFORE,N,Y,thorlakur,13
BEFORE,N,N,thorlakur,13
BEFORE,N,Y,thorlakur,13
AFTER,N,Y,thorlakur,13
BEFORE,N,N,thorlakur,13
BEFORE,N,N,thorlakur,13
AFTER,N,Y,thorlakur,13
BEFORE,N,Y,thorlakur,13
BEFORE,N,Y,thorlakur,13
BEFORE,N,Y,thorlakur,13
BEFORE,N,N,thorlakur,13
BEFORE,N,Y,thorlakur,13
BEFORE,N,N,thorlakur,13
BEFORE,N,N,thorlakur,13
BEFORE,N,Y,thorlakur,13
BEFORE,N,Y,thorlakur,13
BEFORE,N,Y,thorlakur,13
BEFORE,N,Y,thorlakur,13
BEFORE,N,Y,thorlakur,13
BEFORE,N,Y,thorlakur,13
BEFORE,N,Y,thorlakur,13
BEFORE,N,Y,thorlakur,13
BEFORE,N,Y,thorlakur,13
BEFORE,N,N,thorlakur,13
BEFORE,N,Y,thorlakur,13
BEFORE,N,Y,thorlakur,13
BEFORE,N,N,thorlakur,13
BEFORE,N,Y,thorlakur,13
BEFORE,N,N,thorlakur,13
BEFORE,N,Y,thorlakur,13
BEFORE,N,Y,thorlakur,13
BEFORE,N,N,thorlakur,13
BEFORE,N,N,thorlakur,13
BEFORE,N,Y,thorlakur,13
BEFORE,N,Y,thorlakur,13
BEFORE,N,Y,thorlakur,13
BEFORE,N,Y,thorlakur,13
BEFORE,N,N,thorlakur,13
BEFORE,N,Y,thorlakur,13
BEFORE,N,N,thorlakur,13
BEFORE,N,N,thorlakur,13
BEFORE,N,Y,thorlakur,13
AFTER,Y,Y,thorlakur,13
BEFORE,N,N,thorlakur,13
BEFORE,N,Y,thorlakur,13
AFTER,N,Y,thorlakur,13
BEFORE,N,Y,thorlakur,13
BEFORE,N,Y,thorlakur,13
BEFORE,N,Y,thorlakur,13
BEFORE,N,N,thorlakur,13
BEFORE,N,N,thorlakur,13
AFTER,N,Y,thorlakur,13
BEFORE,N,N,thorlakur,13
BEFORE,N,N,thorlakur,13
BEFORE,N,N,thorlakur,13
BEFORE,N,N,thorlakur,13
BEFORE,N,N,thetubrot,13
BEFORE,N,N,thetubrot,13
AFTER,N,N,thetubrot,13
BEFORE,N,N,thetubrot,13
BEFORE,N,N,thetubrot,13
BEFORE,N,N,thetubrot,13
BEFORE,N,N,thetubrot,13
BEFORE,N,N,thetubrot,13
BEFORE,N,Y,thetubrot,13
BEFORE,N,N,thetubrot,13
BEFORE,N,N,thetubrot,13
BEFORE,N,N,thetubrot,13
BEFORE,N,Y,thetubrot,13
BEFORE,N,N,thetubrot,13
BEFORE,N,Y,thetubrot,13
BEFORE,N,Y,thetubrot,13
BEFORE,N,N,thetubrot,13
AFTER,N,Y,thetubrot,13
BEFORE,N,N,thetubrot,13
AFTER,N,Y,thetubrot,13
BEFORE,N,Y,thetubrot,13
AFTER,N,Y,thetubrot,13
BEFORE,N,Y,thetubrot,13
AFTER,N,Y,thetubrot,13
AFTER,N,Y,thetubrot,13
BEFORE,N,Y,sturlunga,13
BEFORE,N,N,sturlunga,13
BEFORE,N,Y,sturlunga,13
BEFORE,N,N,sturlunga,13
BEFORE,N,N,sturlunga,13
BEFORE,N,N,sturlunga,13
BEFORE,N,N,sturlunga,13
BEFORE,N,N,sturlunga,13
BEFORE,N,N,sturlunga,13
BEFORE,N,N,sturlunga,13
AFTER,N,Y,sturlunga,13
BEFORE,N,N,sturlunga,13
AFTER,N,Y,sturlunga,13
AFTER,N,Y,sturlunga,13
BEFORE,N,Y,sturlunga,13
BEFORE,N,Y,sturlunga,13
BEFORE,N,N,sturlunga,13
BEFORE,N,N,sturlunga,13
BEFORE,N,N,sturlunga,13
BEFORE,N,N,sturlunga,13
BEFORE,N,N,sturlunga,13
AFTER,N,Y,sturlunga,13
BEFORE,N,Y,sturlunga,13
BEFORE,N,Y,sturlunga,13
BEFORE,N,Y,sturlunga,13
BEFORE,N,N,sturlunga,13
BEFORE,N,N,sturlunga,13
BEFORE,N,N,sturlunga,13
BEFORE,N,N,sturlunga,13
AFTER,N,Y,sturlunga,13
AFTER,N,Y,sturlunga,13
BEFORE,N,N,sturlunga,13
BEFORE,N,N,sturlunga,13
BEFORE,N,N,sturlunga,13
AFTER,N,Y,sturlunga,13
BEFORE,N,Y,sturlunga,13
BEFORE,N,Y,sturlunga,13
BEFORE,N,Y,sturlunga,13
BEFORE,N,N,sturlunga,13
AFTER,N,Y,sturlunga,13
BEFORE,N,N,sturlunga,13
AFTER,N,Y,sturlunga,13
BEFORE,N,N,sturlunga,13
BEFORE,N,Y,sturlunga,13
BEFORE,N,Y,sturlunga,13
BEFORE,N,N,sturlunga,13
BEFORE,N,N,sturlunga,13
BEFORE,N,Y,sturlunga,13
BEFORE,N,N,sturlunga,13
BEFORE,N,Y,sturlunga,13
BEFORE,N,Y,sturlunga,13
BEFORE,N,N,sturlunga,13
BEFORE,N,N,sturlunga,13
BEFORE,N,Y,sturlunga,13
BEFORE,N,N,sturlunga,13
BEFORE,N,Y,sturlunga,13
BEFORE,N,N,sturlunga,13
BEFORE,N,Y,sturlunga,13
BEFORE,N,N,sturlunga,13
BEFORE,N,Y,sturlunga,13
BEFORE,N,N,sturlunga,13
AFTER,N,Y,sturlunga,13
BEFORE,N,Y,sturlunga,13
BEFORE,N,N,sturlunga,13
BEFORE,N,Y,sturlunga,13
AFTER,N,Y,sturlunga,13
BEFORE,N,N,sturlunga,13
BEFORE,N,N,sturlunga,13
BEFORE,N,N,sturlunga,13
BEFORE,N,N,sturlunga,13
BEFORE,N,Y,sturlunga,13
BEFORE,N,Y,sturlunga,13
BEFORE,N,N,sturlunga,13
AFTER,N,N,sturlunga,13
BEFORE,N,Y,sturlunga,13
BEFORE,N,Y,sturlunga,13
BEFORE,N,Y,sturlunga,13
AFTER,N,N,sturlunga,13
BEFORE,N,Y,sturlunga,13
BEFORE,N,Y,sturlunga,13
BEFORE,N,Y,sturlunga,13
BEFORE,N,N,sturlunga,13
BEFORE,N,Y,sturlunga,13
BEFORE,N,N,sturlunga,13
BEFORE,N,N,sturlunga,13
BEFORE,N,Y,sturlunga,13
BEFORE,N,Y,sturlunga,13
BEFORE,N,Y,sturlunga,13
AFTER,N,Y,sturlunga,13
AFTER,N,Y,sturlunga,13
BEFORE,N,N,sturlunga,13
BEFORE,N,Y,sturlunga,13
AFTER,N,Y,jomsvikingar,13
BEFORE,N,N,jomsvikingar,13
BEFORE,N,Y,jomsvikingar,13
AFTER,N,N,jomsvikingar,13
AFTER,N,Y,jomsvikingar,13
BEFORE,N,N,jomsvikingar,13
BEFORE,N,Y,jomsvikingar,13
BEFORE,N,N,jomsvikingar,13
BEFORE,N,N,jomsvikingar,13
AFTER,N,Y,jomsvikingar,13
AFTER,N,Y,jomsvikingar,13
BEFORE,N,Y,jomsvikingar,13
BEFORE,N,N,jomsvikingar,13
BEFORE,N,Y,jomsvikingar,13
BEFORE,N,Y,jomsvikingar,13
BEFORE,N,N,jomsvikingar,13
BEFORE,N,Y,jomsvikingar,13
AFTER,N,Y,jomsvikingar,13
BEFORE,N,N,jomsvikingar,13
BEFORE,N,N,jomsvikingar,13
BEFORE,N,Y,jomsvikingar,13
BEFORE,N,N,jomsvikingar,13
BEFORE,N,N,jomsvikingar,13
BEFORE,N,N,jomsvikingar,13
BEFORE,N,N,jomsvikingar,13
BEFORE,N,N,jomsvikingar,13
BEFORE,N,N,jomsvikingar,13
AFTER,N,Y,jomsvikingar,13
AFTER,N,Y,jomsvikingar,13
BEFORE,N,N,jomsvikingar,13
BEFORE,N,N,jomsvikingar,13
BEFORE,N,Y,jomsvikingar,13
BEFORE,N,Y,jomsvikingar,13
AFTER,N,Y,jomsvikingar,13
AFTER,N,Y,jomsvikingar,13
BEFORE,N,Y,jomsvikingar,13
BEFORE,N,N,jomsvikingar,13
BEFORE,N,N,jomsvikingar,13
AFTER,N,Y,jomsvikingar,13
BEFORE,N,N,jomsvikingar,13
BEFORE,N,Y,jomsvikingar,13
BEFORE,N,Y,jomsvikingar,13
BEFORE,N,N,jomsvikingar,13
BEFORE,N,N,jomsvikingar,13
BEFORE,N,N,jomsvikingar,13
BEFORE,N,N,jomsvikingar,13
BEFORE,N,Y,jomsvikingar,13
BEFORE,N,N,jomsvikingar,13
BEFORE,N,Y,jomsvikingar,13
BEFORE,N,Y,jomsvikingar,13
BEFORE,N,Y,jomsvikingar,13
BEFORE,N,N,jomsvikingar,13
BEFORE,N,Y,jomsvikingar,13
BEFORE,N,Y,jomsvikingar,13
BEFORE,N,Y,jomsvikingar,13
BEFORE,N,Y,jomsvikingar,13
BEFORE,N,N,jomsvikingar,13
AFTER,N,N,jomsvikingar,13
AFTER,N,Y,jomsvikingar,13
BEFORE,N,N,jomsvikingar,13
BEFORE,N,N,jomsvikingar,13
BEFORE,N,Y,jomsvikingar,13
BEFORE,N,N,jomsvikingar,13
BEFORE,N,N,jomsvikingar,13
BEFORE,N,N,jomsvikingar,13
BEFORE,N,N,jomsvikingar,13
BEFORE,N,Y,jomsvikingar,13
AFTER,N,Y,jomsvikingar,13
BEFORE,N,N,jomsvikingar,13
BEFORE,N,Y,jomsvikingar,13
BEFORE,N,Y,jomsvikingar,13
AFTER,N,Y,jomsvikingar,13
BEFORE,N,N,jomsvikingar,13
BEFORE,N,Y,jomsvikingar,13
BEFORE,N,N,jomsvikingar,13
BEFORE,N,Y,jomsvikingar,13
AFTER,N,N,jomsvikingar,13
BEFORE,N,N,jomsvikingar,13
AFTER,N,Y,jomsvikingar,13
BEFORE,N,Y,jomsvikingar,13
BEFORE,N,N,jomsvikingar,13
BEFORE,N,Y,jomsvikingar,13
BEFORE,N,N,jomsvikingar,13
AFTER,N,Y,jomsvikingar,13
BEFORE,N,Y,jomsvikingar,13
BEFORE,N,Y,jomsvikingar,13
BEFORE,N,N,jomsvikingar,13
BEFORE,N,N,jomsvikingar,13
AFTER,N,Y,jomsvikingar,13
AFTER,N,Y,jomsvikingar,13
BEFORE,N,N,jomsvikingar,13
BEFORE,N,N,jomsvikingar,13
AFTER,N,N,jomsvikingar,13
BEFORE,N,N,jomsvikingar,13
BEFORE,N,N,jomsvikingar,13
BEFORE,N,Y,jomsvikingar,13
BEFORE,N,N,jomsvikingar,13
BEFORE,N,N,jomsvikingar,13
AFTER,N,Y,jomsvikingar,13
BEFORE,N,Y,jomsvikingar,13
BEFORE,N,N,jomsvikingar,13
AFTER,N,Y,jomsvikingar,13
AFTER,N,Y,jomsvikingar,13
AFTER,N,Y,jomsvikingar,13
BEFORE,N,N,jomsvikingar,13
AFTER,N,Y,jomsvikingar,13
BEFORE,N,N,jomsvikingar,13
AFTER,N,Y,jomsvikingar,13
BEFORE,N,N,jomsvikingar,13
AFTER,N,N,jomsvikingar,13
BEFORE,N,Y,jomsvikingar,13
AFTER,N,Y,jomsvikingar,13
AFTER,N,N,jomsvikingar,13
BEFORE,N,Y,jomsvikingar,13
AFTER,N,Y,jomsvikingar,13
AFTER,N,Y,jomsvikingar,13
BEFORE,N,N,jomsvikingar,13
BEFORE,N,N,jomsvikingar,13
BEFORE,N,N,jomsvikingar,13
BEFORE,N,N,jomsvikingar,13
BEFORE,N,N,jomsvikingar,13
BEFORE,N,N,jomsvikingar,13
AFTER,N,Y,jomsvikingar,13
AFTER,N,Y,jomsvikingar,13
BEFORE,N,Y,jomsvikingar,13
BEFORE,N,N,jomsvikingar,13
AFTER,N,N,jomsvikingar,13
BEFORE,N,N,jomsvikingar,13
BEFORE,N,N,jomsvikingar,13
AFTER,N,Y,jomsvikingar,13
AFTER,N,Y,jomsvikingar,13
BEFORE,N,N,jomsvikingar,13
AFTER,N,Y,jomsvikingar,13
AFTER,N,Y,jomsvikingar,13
BEFORE,N,N,jomsvikingar,13
AFTER,N,Y,jomsvikingar,13
BEFORE,N,Y,jomsvikingar,13
BEFORE,N,Y,jomsvikingar,13
BEFORE,N,N,jomsvikingar,13
BEFORE,N,Y,jomsvikingar,13
BEFORE,N,N,jomsvikingar,13
BEFORE,N,N,jomsvikingar,13
BEFORE,N,N,jomsvikingar,13
AFTER,N,Y,jomsvikingar,13
AFTER,N,Y,jomsvikingar,13
AFTER,N,Y,jomsvikingar,13
AFTER,N,Y,jomsvikingar,13
BEFORE,N,Y,jomsvikingar,13
BEFORE,N,N,jomsvikingar,13
BEFORE,N,N,jomsvikingar,13
BEFORE,N,Y,jomsvikingar,13
BEFORE,N,Y,jomsvikingar,13
BEFORE,N,Y,jomsvikingar,13
BEFORE,N,Y,jomsvikingar,13
BEFORE,N,N,jomsvikingar,13
BEFORE,N,Y,jomsvikingar,13
BEFORE,N,N,jomsvikingar,13
BEFORE,N,Y,jomsvikingar,13
BEFORE,N,Y,jomsvikingar,13
BEFORE,N,N,jomsvikingar,13
BEFORE,N,N,jomsvikingar,13
BEFORE,N,N,jomsvikingar,13
AFTER,N,Y,jomsvikingar,13
BEFORE,N,N,jomsvikingar,13
BEFORE,N,N,jomsvikingar,13
BEFORE,N,Y,jomsvikingar,13
BEFORE,N,N,jomsvikingar,13
BEFORE,N,N,jomsvikingar,13
BEFORE,N,N,jomsvikingar,13
BEFORE,N,N,jomsvikingar,13
BEFORE,N,N,jomsvikingar,13
BEFORE,N,N,jomsvikingar,13
BEFORE,N,N,jomsvikingar,13
BEFORE,N,N,jomsvikingar,13
BEFORE,N,Y,jomsvikingar,13
BEFORE,N,N,jomsvikingar,13
BEFORE,N,N,jomsvikingar,13
BEFORE,N,N,jomsvikingar,13
BEFORE,N,N,jomsvikingar,13
AFTER,N,Y,jomsvikingar,13
BEFORE,N,N,jomsvikingar,13
BEFORE,N,Y,gragas,13
BEFORE,N,Y,gragas,13
BEFORE,N,N,gragas,13
AFTER,N,Y,gragas,13
BEFORE,N,Y,gragas,13
BEFORE,N,N,gragas,13
BEFORE,N,N,gragas,13
BEFORE,N,Y,gragas,13
BEFORE,N,N,gragas,13
BEFORE,N,N,gragas,13
BEFORE,N,Y,gragas,13
BEFORE,N,N,gragas,13
BEFORE,N,N,gragas,13
BEFORE,N,Y,gragas,13
BEFORE,N,Y,gragas,13
BEFORE,N,Y,gragas,13
BEFORE,N,N,gragas,13
BEFORE,N,N,gragas,13
BEFORE,N,Y,gragas,13
BEFORE,N,Y,gragas,13
BEFORE,N,N,gragas,13
BEFORE,N,N,gragas,13
BEFORE,N,Y,gragas,13
BEFORE,N,N,gragas,13
BEFORE,N,N,gragas,13
AFTER,N,Y,gragas,13
BEFORE,N,Y,gragas,13
BEFORE,N,N,gragas,13
AFTER,N,N,gragas,13
BEFORE,N,N,gragas,13
AFTER,N,Y,gragas,13
BEFORE,N,N,gragas,13
BEFORE,N,N,gragas,13
BEFORE,N,Y,gragas,13
BEFORE,N,N,gragas,13
BEFORE,N,Y,gragas,13
BEFORE,N,N,gragas,13
BEFORE,N,N,gragas,13
BEFORE,N,Y,gragas,13
AFTER,N,N,gragas,13
BEFORE,N,Y,gragas,13
BEFORE,N,Y,gragas,13
BEFORE,N,N,gragas,13
BEFORE,N,Y,gragas,13
BEFORE,N,N,gragas,13
BEFORE,N,Y,gragas,13
BEFORE,N,Y,gragas,13
BEFORE,N,N,gragas,13
BEFORE,N,Y,gragas,13
BEFORE,N,Y,gragas,13
BEFORE,N,N,gragas,13
BEFORE,N,N,gragas,13
BEFORE,N,N,gragas,13
AFTER,N,N,gragas,13
BEFORE,N,Y,gragas,13
AFTER,N,Y,gragas,13
BEFORE,N,Y,gragas,13
BEFORE,N,Y,gragas,13
AFTER,N,N,gragas,13
BEFORE,N,Y,gragas,13
BEFORE,N,Y,gragas,13
BEFORE,N,Y,gragas,13
BEFORE,N,N,gragas,13
BEFORE,N,Y,gragas,13
BEFORE,N,Y,gragas,13
BEFORE,N,Y,gragas,13
BEFORE,N,N,gragas,13
BEFORE,N,Y,gragas,13
AFTER,N,Y,gragas,13
BEFORE,N,N,gragas,13
BEFORE,N,Y,gragas,13
BEFORE,N,Y,gragas,13
BEFORE,N,Y,gragas,13
BEFORE,N,Y,gragas,13
BEFORE,N,N,gragas,13
BEFORE,N,Y,gragas,13
BEFORE,N,N,gragas,13
BEFORE,N,Y,gragas,13
BEFORE,N,Y,gragas,13
BEFORE,N,Y,gragas,13
BEFORE,N,Y,gragas,13
BEFORE,N,Y,gragas,13
BEFORE,N,N,gragas,13
BEFORE,N,Y,gragas,13
BEFORE,N,N,gragas,13
BEFORE,N,N,gragas,13
BEFORE,N,Y,gragas,13
BEFORE,N,Y,gragas,13
BEFORE,N,N,gragas,13
BEFORE,N,Y,gragas,13
BEFORE,N,N,gragas,13
BEFORE,N,N,gragas,13
BEFORE,N,Y,gragas,13
AFTER,N,Y,gragas,13
BEFORE,N,N,gragas,13
BEFORE,N,N,morkin,13
AFTER,N,Y,morkin,13
BEFORE,N,N,morkin,13
BEFORE,N,N,morkin,13
BEFORE,N,N,morkin,13
BEFORE,N,N,morkin,13
BEFORE,N,Y,morkin,13
BEFORE,N,Y,morkin,13
AFTER,N,Y,morkin,13
BEFORE,N,Y,morkin,13
BEFORE,N,Y,morkin,13
BEFORE,N,N,morkin,13
AFTER,N,N,morkin,13
AFTER,N,N,morkin,13
AFTER,N,Y,morkin,13
BEFORE,N,N,morkin,13
BEFORE,N,Y,morkin,13
BEFORE,N,N,morkin,13
BEFORE,N,N,morkin,13
AFTER,N,Y,morkin,13
BEFORE,N,Y,morkin,13
BEFORE,N,Y,morkin,13
BEFORE,N,N,morkin,13
BEFORE,N,N,morkin,13
AFTER,N,N,morkin,13
AFTER,N,N,morkin,13
BEFORE,N,N,morkin,13
AFTER,N,Y,morkin,13
BEFORE,N,N,morkin,13
AFTER,N,Y,morkin,13
BEFORE,N,N,morkin,13
BEFORE,N,N,morkin,13
BEFORE,N,Y,morkin,13
BEFORE,N,N,morkin,13
BEFORE,N,N,morkin,13
BEFORE,N,N,morkin,13
BEFORE,N,N,morkin,13
BEFORE,N,N,morkin,13
BEFORE,N,N,morkin,13
AFTER,N,N,morkin,13
BEFORE,N,Y,morkin,13
BEFORE,N,Y,morkin,13
AFTER,N,N,morkin,13
BEFORE,N,Y,morkin,13
BEFORE,N,Y,morkin,13
BEFORE,N,Y,morkin,13
BEFORE,N,N,morkin,13
BEFORE,N,N,morkin,13
BEFORE,N,N,morkin,13
BEFORE,N,N,morkin,13
BEFORE,N,N,morkin,13
BEFORE,N,N,morkin,13
AFTER,N,Y,morkin,13
BEFORE,N,Y,morkin,13
BEFORE,N,N,morkin,13
BEFORE,N,N,morkin,13
BEFORE,N,Y,morkin,13
BEFORE,N,N,morkin,13
BEFORE,N,N,morkin,13
BEFORE,N,Y,morkin,13
BEFORE,N,N,morkin,13
BEFORE,N,N,morkin,13
BEFORE,N,N,morkin,13
AFTER,N,N,morkin,13
BEFORE,N,N,morkin,13
BEFORE,N,N,morkin,13
BEFORE,N,N,morkin,13
BEFORE,N,Y,morkin,13
BEFORE,N,N,morkin,13
BEFORE,N,Y,morkin,13
BEFORE,N,N,morkin,13
BEFORE,N,N,morkin,13
BEFORE,N,Y,morkin,13
BEFORE,N,Y,morkin,13
BEFORE,N,N,morkin,13
BEFORE,N,Y,morkin,13
BEFORE,N,N,morkin,13
BEFORE,N,N,morkin,13
BEFORE,N,N,morkin,13
BEFORE,N,N,morkin,13
BEFORE,N,Y,morkin,13
BEFORE,N,Y,morkin,13
BEFORE,N,N,morkin,13
BEFORE,N,Y,morkin,13
BEFORE,N,N,morkin,13
BEFORE,N,Y,morkin,13
BEFORE,N,Y,morkin,13
BEFORE,N,N,morkin,13
BEFORE,N,N,morkin,13
AFTER,N,Y,morkin,13
BEFORE,N,N,morkin,13
BEFORE,N,Y,morkin,13
BEFORE,N,N,morkin,13
BEFORE,N,N,morkin,13
BEFORE,N,N,alexander,14
BEFORE,N,N,alexander,14
BEFORE,N,Y,alexander,14
AFTER,N,Y,alexander,14
BEFORE,N,Y,alexander,14
BEFORE,N,Y,alexander,14
BEFORE,N,Y,alexander,14
BEFORE,N,Y,alexander,14
BEFORE,N,N,alexander,14
BEFORE,N,N,alexander,14
BEFORE,N,Y,alexander,14
BEFORE,N,Y,alexander,14
BEFORE,N,N,alexander,14
BEFORE,N,Y,alexander,14
AFTER,N,Y,alexander,14
AFTER,N,Y,alexander,14
BEFORE,N,Y,alexander,14
AFTER,N,Y,alexander,14
BEFORE,N,N,alexander,14
BEFORE,N,Y,alexander,14
BEFORE,N,Y,alexander,14
AFTER,N,Y,alexander,14
AFTER,Y,Y,alexander,14
BEFORE,N,Y,alexander,14
BEFORE,N,Y,alexander,14
BEFORE,N,N,alexander,14
AFTER,N,Y,alexander,14
BEFORE,N,Y,alexander,14
BEFORE,N,N,alexander,14
BEFORE,N,Y,alexander,14
BEFORE,N,N,alexander,14
BEFORE,N,Y,alexander,14
BEFORE,N,Y,alexander,14
BEFORE,N,Y,alexander,14
BEFORE,N,Y,alexander,14
BEFORE,N,N,alexander,14
AFTER,N,N,alexander,14
AFTER,N,Y,alexander,14
BEFORE,N,Y,alexander,14
AFTER,N,Y,alexander,14
BEFORE,N,Y,alexander,14
BEFORE,N,Y,alexander,14
BEFORE,N,N,alexander,14
BEFORE,N,N,alexander,14
AFTER,N,Y,alexander,14
BEFORE,N,Y,alexander,14
BEFORE,N,N,alexander,14
BEFORE,N,N,alexander,14
BEFORE,N,Y,alexander,14
BEFORE,N,Y,alexander,14
AFTER,N,Y,alexander,14
BEFORE,N,Y,alexander,14
BEFORE,N,N,alexander,14
BEFORE,N,N,alexander,14
AFTER,N,Y,alexander,14
AFTER,N,Y,alexander,14
AFTER,N,Y,alexander,14
AFTER,Y,Y,alexander,14
BEFORE,N,N,alexander,14
AFTER,N,Y,alexander,14
AFTER,Y,Y,alexander,14
BEFORE,N,N,alexander,14
BEFORE,N,N,alexander,14
AFTER,N,Y,alexander,14
AFTER,N,Y,alexander,14
BEFORE,N,Y,alexander,14
BEFORE,N,Y,alexander,14
AFTER,N,N,alexander,14
BEFORE,N,Y,alexander,14
AFTER,N,Y,alexander,14
BEFORE,N,Y,alexander,14
BEFORE,N,Y,alexander,14
AFTER,N,Y,alexander,14
BEFORE,N,N,alexander,14
BEFORE,N,Y,alexander,14
BEFORE,N,Y,alexander,14
BEFORE,N,Y,alexander,14
AFTER,N,Y,alexander,14
AFTER,N,Y,alexander,14
AFTER,N,Y,alexander,14
BEFORE,N,N,alexander,14
AFTER,N,Y,alexander,14
AFTER,N,Y,alexander,14
AFTER,N,Y,alexander,14
BEFORE,N,N,alexander,14
BEFORE,N,Y,alexander,14
BEFORE,N,Y,alexander,14
AFTER,Y,N,alexander,14
BEFORE,N,Y,alexander,14
AFTER,N,Y,alexander,14
BEFORE,N,N,alexander,14
AFTER,N,Y,alexander,14
AFTER,Y,Y,alexander,14
BEFORE,N,Y,alexander,14
BEFORE,N,N,alexander,14
BEFORE,N,N,alexander,14
BEFORE,N,Y,alexander,14
AFTER,N,Y,alexander,14
BEFORE,N,N,alexander,14
BEFORE,N,Y,alexander,14
BEFORE,N,Y,alexander,14
AFTER,N,Y,alexander,14
AFTER,N,Y,alexander,14
BEFORE,N,Y,alexander,14
BEFORE,N,Y,alexander,14
BEFORE,N,Y,alexander,14
AFTER,N,Y,alexander,14
BEFORE,N,Y,alexander,14
BEFORE,N,N,alexander,14
BEFORE,N,Y,alexander,14
BEFORE,N,N,alexander,14
BEFORE,N,Y,alexander,14
BEFORE,N,N,alexander,14
AFTER,N,Y,alexander,14
AFTER,N,N,alexander,14
BEFORE,N,Y,alexander,14
AFTER,N,Y,alexander,14
BEFORE,N,Y,alexander,14
BEFORE,N,Y,alexander,14
BEFORE,N,Y,alexander,14
BEFORE,N,Y,alexander,14
AFTER,N,Y,alexander,14
BEFORE,N,Y,alexander,14
BEFORE,N,Y,alexander,14
BEFORE,N,Y,alexander,14
BEFORE,N,Y,alexander,14
BEFORE,N,N,alexander,14
BEFORE,N,Y,alexander,14
BEFORE,N,Y,alexander,14
AFTER,N,Y,alexander,14
AFTER,N,Y,alexander,14
AFTER,N,Y,alexander,14
AFTER,N,Y,alexander,14
BEFORE,N,Y,alexander,14
BEFORE,N,N,alexander,14
BEFORE,N,N,alexander,14
AFTER,N,Y,alexander,14
BEFORE,N,Y,alexander,14
BEFORE,N,Y,alexander,14
BEFORE,N,Y,alexander,14
BEFORE,N,Y,alexander,14
BEFORE,N,Y,alexander,14
BEFORE,N,Y,alexander,14
BEFORE,N,Y,alexander,14
BEFORE,N,N,alexander,14
BEFORE,N,Y,alexander,14
BEFORE,N,Y,alexander,14
BEFORE,N,N,alexander,14
BEFORE,N,Y,alexander,14
BEFORE,N,Y,alexander,14
BEFORE,N,Y,alexander,14
BEFORE,N,N,alexander,14
AFTER,Y,Y,alexander,14
BEFORE,N,Y,alexander,14
BEFORE,N,Y,alexander,14
AFTER,Y,Y,alexander,14
BEFORE,N,N,alexander,14
AFTER,N,Y,alexander,14
BEFORE,N,Y,alexander,14
BEFORE,N,Y,alexander,14
AFTER,N,Y,alexander,14
AFTER,Y,Y,alexander,14
BEFORE,N,Y,alexander,14
BEFORE,N,Y,alexander,14
BEFORE,N,Y,alexander,14
AFTER,N,Y,alexander,14
AFTER,N,Y,alexander,14
BEFORE,N,N,alexander,14
BEFORE,N,Y,alexander,14
BEFORE,N,Y,alexander,14
BEFORE,N,Y,alexander,14
AFTER,N,Y,alexander,14
BEFORE,N,Y,alexander,14
BEFORE,N,Y,alexander,14
AFTER,N,Y,alexander,14
AFTER,Y,Y,alexander,14
BEFORE,N,Y,alexander,14
BEFORE,N,Y,alexander,14
BEFORE,N,Y,alexander,14
BEFORE,N,N,alexander,14
BEFORE,N,Y,alexander,14
BEFORE,N,N,alexander,14
BEFORE,N,N,alexander,14
BEFORE,N,Y,alexander,14
BEFORE,N,N,alexander,14
BEFORE,N,Y,alexander,14
BEFORE,N,Y,alexander,14
BEFORE,N,Y,alexander,14
AFTER,N,Y,alexander,14
BEFORE,N,Y,alexander,14
AFTER,N,Y,alexander,14
BEFORE,N,Y,alexander,14
AFTER,N,Y,alexander,14
BEFORE,N,Y,alexander,14
BEFORE,N,N,alexander,14
AFTER,N,Y,alexander,14
AFTER,N,Y,alexander,14
BEFORE,N,N,alexander,14
BEFORE,N,N,alexander,14
BEFORE,N,Y,alexander,14
AFTER,N,Y,alexander,14
AFTER,N,Y,alexander,14
AFTER,N,Y,alexander,14
BEFORE,N,Y,alexander,14
AFTER,N,Y,alexander,14
BEFORE,N,N,alexander,14
AFTER,N,Y,alexander,14
BEFORE,N,N,alexander,14
BEFORE,N,N,alexander,14
BEFORE,N,N,alexander,14
AFTER,N,N,alexander,14
BEFORE,N,N,alexander,14
AFTER,N,Y,alexander,14
BEFORE,N,N,alexander,14
AFTER,Y,Y,alexander,14
BEFORE,N,N,alexander,14
BEFORE,N,Y,alexander,14
BEFORE,N,N,alexander,14
BEFORE,N,N,alexander,14
BEFORE,N,Y,alexander,14
BEFORE,N,N,alexander,14
BEFORE,N,N,alexander,14
BEFORE,N,N,alexander,14
BEFORE,N,Y,alexander,14
BEFORE,N,Y,alexander,14
BEFORE,N,Y,alexander,14
BEFORE,N,Y,alexander,14
AFTER,N,Y,alexander,14
BEFORE,N,Y,alexander,14
AFTER,Y,Y,alexander,14
BEFORE,N,N,alexander,14
BEFORE,N,Y,alexander,14
BEFORE,N,Y,alexander,14
AFTER,N,Y,alexander,14
BEFORE,N,N,alexander,14
BEFORE,N,Y,alexander,14
BEFORE,N,Y,alexander,14
BEFORE,N,N,alexander,14
BEFORE,N,N,alexander,14
AFTER,N,Y,alexander,14
AFTER,N,Y,alexander,14
BEFORE,N,N,alexander,14
BEFORE,N,Y,alexander,14
BEFORE,N,Y,alexander,14
BEFORE,N,N,alexander,14
BEFORE,N,Y,alexander,14
BEFORE,N,Y,alexander,14
AFTER,N,Y,alexander,14
AFTER,N,Y,alexander,14
BEFORE,N,N,alexander,14
BEFORE,N,Y,alexander,14
AFTER,N,Y,alexander,14
BEFORE,N,Y,alexander,14
BEFORE,N,Y,alexander,14
BEFORE,N,Y,alexander,14
BEFORE,N,N,alexander,14
BEFORE,N,Y,alexander,14
BEFORE,N,N,alexander,14
AFTER,N,Y,alexander,14
BEFORE,N,Y,alexander,14
AFTER,N,Y,alexander,14
BEFORE,N,Y,alexander,14
AFTER,N,Y,alexander,14
BEFORE,N,Y,alexander,14
AFTER,N,Y,alexander,14
AFTER,N,Y,alexander,14
BEFORE,N,Y,alexander,14
BEFORE,N,Y,alexander,14
AFTER,N,Y,alexander,14
BEFORE,N,N,alexander,14
BEFORE,N,N,alexander,14
BEFORE,N,N,alexander,14
BEFORE,N,N,alexander,14
AFTER,N,Y,alexander,14
BEFORE,N,Y,alexander,14
BEFORE,N,N,alexander,14
BEFORE,N,Y,alexander,14
BEFORE,N,Y,alexander,14
BEFORE,N,Y,alexander,14
BEFORE,N,Y,alexander,14
BEFORE,N,Y,alexander,14
BEFORE,N,N,alexander,14
BEFORE,N,N,grettir,14
BEFORE,N,N,grettir,14
BEFORE,N,Y,grettir,14
AFTER,N,N,grettir,14
AFTER,N,Y,grettir,14
AFTER,N,Y,grettir,14
BEFORE,N,N,grettir,14
BEFORE,N,Y,grettir,14
AFTER,N,Y,grettir,14
BEFORE,N,Y,grettir,14
AFTER,N,N,grettir,14
AFTER,N,Y,grettir,14
AFTER,N,Y,grettir,14
BEFORE,N,N,grettir,14
AFTER,N,Y,grettir,14
AFTER,N,Y,grettir,14
BEFORE,N,Y,grettir,14
AFTER,N,Y,grettir,14
BEFORE,N,N,grettir,14
AFTER,N,Y,grettir,14
BEFORE,N,N,grettir,14
BEFORE,N,Y,grettir,14
AFTER,N,Y,grettir,14
AFTER,N,Y,grettir,14
BEFORE,N,N,grettir,14
BEFORE,N,Y,grettir,14
BEFORE,N,Y,grettir,14
AFTER,N,Y,grettir,14
BEFORE,N,N,grettir,14
BEFORE,N,Y,grettir,14
BEFORE,N,Y,grettir,14
BEFORE,N,Y,grettir,14
BEFORE,N,Y,grettir,14
BEFORE,N,Y,grettir,14
AFTER,N,Y,grettir,14
AFTER,N,Y,grettir,14
BEFORE,N,Y,grettir,14
BEFORE,N,Y,grettir,14
BEFORE,N,N,grettir,14
AFTER,N,Y,grettir,14
BEFORE,N,Y,grettir,14
AFTER,N,Y,grettir,14
BEFORE,N,N,grettir,14
BEFORE,N,N,grettir,14
AFTER,N,Y,grettir,14
BEFORE,N,Y,grettir,14
BEFORE,N,Y,grettir,14
AFTER,N,Y,grettir,14
AFTER,N,Y,grettir,14
BEFORE,N,N,grettir,14
BEFORE,N,N,grettir,14
BEFORE,N,N,grettir,14
BEFORE,N,N,grettir,14
BEFORE,N,N,grettir,14
AFTER,N,N,grettir,14
BEFORE,N,N,grettir,14
BEFORE,N,N,grettir,14
BEFORE,N,Y,grettir,14
BEFORE,N,N,grettir,14
BEFORE,N,N,grettir,14
BEFORE,N,Y,grettir,14
BEFORE,N,Y,grettir,14
AFTER,N,Y,grettir,14
AFTER,N,Y,grettir,14
AFTER,N,N,grettir,14
AFTER,N,Y,grettir,14
BEFORE,N,Y,grettir,14
AFTER,N,Y,grettir,14
BEFORE,N,N,grettir,14
BEFORE,N,Y,grettir,14
AFTER,N,Y,grettir,14
BEFORE,N,N,grettir,14
AFTER,N,Y,grettir,14
BEFORE,N,Y,grettir,14
BEFORE,N,Y,arni,14
BEFORE,N,Y,arni,14
AFTER,N,Y,arni,14
BEFORE,N,N,arni,14
BEFORE,N,N,arni,14
AFTER,N,Y,arni,14
AFTER,N,Y,arni,14
BEFORE,N,N,arni,14
BEFORE,N,Y,arni,14
BEFORE,N,N,arni,14
AFTER,N,Y,arni,14
BEFORE,N,Y,arni,14
BEFORE,N,N,arni,14
BEFORE,N,N,arni,14
AFTER,N,N,arni,14
BEFORE,N,N,arni,14
BEFORE,N,Y,arni,14
BEFORE,N,N,arni,14
BEFORE,N,N,arni,14
AFTER,N,Y,arni,14
BEFORE,N,Y,arni,14
BEFORE,N,N,arni,14
BEFORE,N,Y,arni,14
BEFORE,N,N,arni,14
BEFORE,N,Y,arni,14
BEFORE,N,Y,arni,14
BEFORE,N,Y,arni,14
BEFORE,N,Y,arni,14
BEFORE,N,N,arni,14
BEFORE,N,N,arni,14
BEFORE,N,Y,arni,14
AFTER,N,Y,arni,14
BEFORE,N,N,arni,14
BEFORE,N,N,arni,14
BEFORE,N,N,arni,14
BEFORE,N,N,arni,14
BEFORE,N,Y,arni,14
BEFORE,N,N,arni,14
BEFORE,N,N,arni,14
BEFORE,N,Y,arni,14
BEFORE,N,N,arni,14
BEFORE,N,N,arni,14
BEFORE,N,Y,arni,14
BEFORE,N,Y,arni,14
BEFORE,N,N,arni,14
BEFORE,N,N,arni,14
BEFORE,N,Y,arni,14
BEFORE,N,Y,arni,14
BEFORE,N,Y,arni,14
BEFORE,N,Y,arni,14
BEFORE,N,Y,arni,14
BEFORE,N,Y,arni,14
BEFORE,N,Y,arni,14
BEFORE,N,N,arni,14
BEFORE,N,Y,arni,14
BEFORE,N,N,arni,14
BEFORE,N,N,arni,14
BEFORE,N,N,arni,14
BEFORE,N,N,arni,14
BEFORE,N,Y,arni,14
AFTER,N,Y,arni,14
BEFORE,N,Y,arni,14
AFTER,N,Y,arni,14
BEFORE,N,N,arni,14
BEFORE,N,Y,arni,14
BEFORE,N,Y,arni,14
BEFORE,N,N,arni,14
BEFORE,N,Y,arni,14
BEFORE,N,Y,arni,14
BEFORE,N,Y,arni,14
BEFORE,N,Y,arni,14
BEFORE,N,N,arni,14
AFTER,N,Y,arni,14
BEFORE,N,Y,arni,14
BEFORE,N,Y,arni,14
BEFORE,N,N,arni,14
AFTER,N,Y,arni,14
BEFORE,N,N,arni,14
BEFORE,N,N,arni,14
BEFORE,N,Y,arni,14
BEFORE,N,Y,arni,14
BEFORE,N,N,arni,14
AFTER,N,Y,arni,14
BEFORE,N,N,arni,14
BEFORE,N,Y,arni,14
BEFORE,N,N,arni,14
BEFORE,N,Y,arni,14
BEFORE,N,N,arni,14
BEFORE,N,Y,arni,14
BEFORE,N,N,arni,14
BEFORE,N,N,arni,14
BEFORE,N,N,arni,14
AFTER,N,Y,arni,14
BEFORE,N,Y,arni,14
BEFORE,N,N,arni,14
BEFORE,N,Y,arni,14
BEFORE,N,Y,arni,14
BEFORE,N,Y,arni,14
AFTER,N,Y,arni,14
BEFORE,N,N,arni,14
BEFORE,N,N,arni,14
BEFORE,N,Y,arni,14
BEFORE,N,Y,arni,14
BEFORE,N,Y,arni,14
BEFORE,N,N,arni,14
BEFORE,N,Y,arni,14
BEFORE,N,N,arni,14
AFTER,N,Y,arni,14
BEFORE,N,N,arni,14
BEFORE,N,N,arni,14
BEFORE,N,Y,arni,14
AFTER,N,Y,arni,14
BEFORE,N,Y,arni,14
BEFORE,N,Y,arni,14
BEFORE,N,Y,arni,14
BEFORE,N,N,arni,14
BEFORE,N,N,arni,14
BEFORE,N,Y,arni,14
AFTER,N,Y,arni,14
BEFORE,N,N,arni,14
BEFORE,N,Y,arni,14
AFTER,Y,Y,arni,14
BEFORE,N,N,arni,14
BEFORE,N,N,arni,14
BEFORE,N,N,arni,14
BEFORE,N,N,arni,14
BEFORE,N,Y,arni,14
BEFORE,N,Y,arni,14
BEFORE,N,Y,arni,14
BEFORE,N,Y,arni,14
BEFORE,N,Y,arni,14
BEFORE,N,Y,arni,14
BEFORE,N,N,arni,14
BEFORE,N,N,arni,14
AFTER,N,Y,arni,14
BEFORE,N,N,arni,14
BEFORE,Y,Y,arni,14
BEFORE,N,N,arni,14
BEFORE,N,Y,arni,14
BEFORE,N,Y,arni,14
BEFORE,N,Y,arni,14
AFTER,N,Y,arni,14
AFTER,N,Y,arni,14
BEFORE,N,N,arni,14
AFTER,N,Y,arni,14
BEFORE,N,N,arni,14
AFTER,N,Y,arni,14
BEFORE,N,Y,arni,14
BEFORE,N,Y,arni,14
BEFORE,N,N,arni,14
BEFORE,N,Y,arni,14
BEFORE,N,N,arni,14
AFTER,N,Y,arni,14
AFTER,N,Y,arni,14
BEFORE,N,N,arni,14
AFTER,N,N,arni,14
BEFORE,N,Y,arni,14
BEFORE,N,Y,arni,14
BEFORE,N,Y,arni,14
BEFORE,N,Y,arni,14
AFTER,N,Y,arni,14
AFTER,N,Y,arni,14
BEFORE,N,N,arni,14
BEFORE,N,Y,arni,14
BEFORE,N,N,arni,14
AFTER,N,Y,arni,14
BEFORE,N,Y,arni,14
BEFORE,N,Y,arni,14
BEFORE,N,Y,arni,14
BEFORE,N,Y,arni,14
BEFORE,N,Y,arni,14
BEFORE,N,N,arni,14
BEFORE,N,N,arni,14
BEFORE,N,N,arni,14
BEFORE,N,Y,arni,14
AFTER,N,Y,arni,14
AFTER,N,Y,arni,14
AFTER,N,Y,arni,14
AFTER,N,Y,arni,14
BEFORE,N,N,arni,14
BEFORE,N,Y,arni,14
BEFORE,N,N,arni,14
BEFORE,N,Y,arni,14
BEFORE,N,N,arni,14
AFTER,N,Y,arni,14
BEFORE,N,N,arni,14
BEFORE,N,Y,arni,14
BEFORE,N,Y,arni,14
AFTER,N,Y,arni,14
BEFORE,N,Y,arni,14
BEFORE,N,Y,arni,14
BEFORE,N,Y,arni,14
BEFORE,N,N,arni,14
BEFORE,N,Y,arni,14
BEFORE,N,Y,arni,14
BEFORE,N,N,arni,14
BEFORE,N,Y,arni,14
AFTER,N,Y,arni,14
BEFORE,N,Y,arni,14
BEFORE,N,N,arni,14
BEFORE,N,Y,arni,14
BEFORE,N,N,arni,14
BEFORE,N,N,arni,14
BEFORE,N,Y,arni,14
BEFORE,N,N,arni,14
BEFORE,N,N,arni,14
AFTER,N,Y,arni,14
BEFORE,N,Y,arni,14
BEFORE,N,Y,arni,14
BEFORE,N,N,arni,14
BEFORE,N,Y,arni,14
BEFORE,N,N,arni,14
BEFORE,N,Y,arni,14
BEFORE,N,Y,arni,14
BEFORE,N,Y,arni,14
BEFORE,N,N,arni,14
BEFORE,N,Y,arni,14
AFTER,N,Y,arni,14
AFTER,N,Y,arni,14
BEFORE,N,N,arni,14
BEFORE,N,Y,arni,14
AFTER,N,Y,arni,14
BEFORE,N,N,arni,14
BEFORE,N,Y,arni,14
BEFORE,N,Y,arni,14
BEFORE,N,Y,arni,14
AFTER,N,Y,arni,14
BEFORE,N,Y,arni,14
AFTER,N,Y,arni,14
AFTER,N,Y,arni,14
AFTER,N,Y,arni,14
AFTER,N,Y,arni,14
AFTER,N,Y,arni,14
BEFORE,N,N,arni,14
AFTER,N,Y,arni,14
AFTER,N,Y,arni,14
BEFORE,N,N,arni,14
BEFORE,N,N,arni,14
BEFORE,N,Y,arni,14
AFTER,N,Y,arni,14
BEFORE,N,Y,arni,14
BEFORE,N,Y,arni,14
BEFORE,N,Y,arni,14
BEFORE,N,Y,arni,14
AFTER,N,Y,arni,14
BEFORE,N,Y,arni,14
BEFORE,N,N,arni,14
BEFORE,N,Y,arni,14
AFTER,N,Y,arni,14
BEFORE,N,Y,arni,14
AFTER,Y,Y,arni,14
BEFORE,N,N,arni,14
BEFORE,N,Y,arni,14
BEFORE,N,N,arni,14
BEFORE,N,Y,arni,14
AFTER,N,Y,arni,14
BEFORE,N,Y,arni,14
AFTER,N,Y,arni,14
BEFORE,N,Y,arni,14
AFTER,N,Y,arni,14
BEFORE,N,Y,arni,14
BEFORE,N,N,arni,14
BEFORE,N,Y,arni,14
BEFORE,N,N,arni,14
BEFORE,N,Y,arni,14
BEFORE,N,Y,arni,14
BEFORE,N,N,arni,14
AFTER,N,Y,arni,14
AFTER,Y,Y,arni,14
BEFORE,N,Y,arni,14
BEFORE,N,Y,bandamennM,14
BEFORE,N,N,bandamennM,14
BEFORE,N,N,bandamennM,14
AFTER,N,Y,bandamennM,14
BEFORE,N,N,bandamennM,14
BEFORE,N,N,bandamennM,14
BEFORE,N,N,bandamennM,14
BEFORE,N,Y,bandamennM,14
BEFORE,N,N,bandamennM,14
BEFORE,N,N,bandamennM,14
BEFORE,N,Y,bandamennM,14
AFTER,N,Y,bandamennM,14
BEFORE,N,Y,bandamennM,14
BEFORE,N,N,bandamennM,14
AFTER,N,N,bandamennM,14
BEFORE,N,N,bandamennM,14
BEFORE,N,N,bandamennM,14
BEFORE,N,N,bandamennM,14
BEFORE,N,N,bandamennM,14
BEFORE,N,Y,bandamennM,14
BEFORE,N,N,bandamennM,14
BEFORE,N,N,bandamennM,14
AFTER,N,N,bandamennM,14
BEFORE,N,N,bandamennM,14
AFTER,N,Y,bandamennM,14
BEFORE,N,N,bandamennM,14
BEFORE,N,Y,bandamennM,14
AFTER,N,Y,bandamennM,14
BEFORE,N,N,bandamennM,14
AFTER,N,Y,bandamennM,14
AFTER,N,Y,bandamennM,14
AFTER,N,Y,bandamennM,14
BEFORE,N,Y,bandamennM,14
BEFORE,N,N,bandamennM,14
BEFORE,N,Y,bandamennM,14
BEFORE,N,Y,bandamennM,14
BEFORE,N,Y,bandamennM,14
BEFORE,N,Y,bandamennM,14
BEFORE,N,Y,bandamennM,14
AFTER,N,Y,bandamennM,14
BEFORE,N,N,bandamennM,14
BEFORE,N,N,bandamennM,14
BEFORE,N,Y,bandamennM,14
AFTER,N,Y,bandamennM,14
BEFORE,N,N,bandamennM,14
BEFORE,N,Y,bandamennM,14
BEFORE,N,N,bandamennM,14
BEFORE,N,Y,marta,14
BEFORE,N,Y,marta,14
AFTER,N,Y,marta,14
BEFORE,N,Y,marta,14
BEFORE,N,Y,marta,14
BEFORE,N,Y,marta,14
BEFORE,N,Y,marta,14
BEFORE,N,N,marta,14
BEFORE,N,Y,marta,14
BEFORE,N,Y,marta,14
BEFORE,N,N,marta,14
AFTER,N,Y,marta,14
BEFORE,N,Y,marta,14
BEFORE,N,Y,marta,14
AFTER,N,Y,marta,14
AFTER,N,Y,marta,14
BEFORE,N,Y,marta,14
BEFORE,N,Y,marta,14
BEFORE,N,Y,marta,14
BEFORE,N,Y,marta,14
BEFORE,N,Y,marta,14
BEFORE,N,Y,marta,14
BEFORE,N,N,marta,14
BEFORE,N,Y,marta,14
BEFORE,N,Y,marta,14
BEFORE,N,Y,marta,14
BEFORE,N,N,marta,14
BEFORE,N,N,marta,14
BEFORE,N,N,marta,14
BEFORE,N,N,marta,14
BEFORE,N,Y,marta,14
AFTER,N,Y,marta,14
BEFORE,N,N,marta,14
AFTER,N,Y,marta,14
BEFORE,N,N,marta,14
BEFORE,N,Y,marta,14
AFTER,N,Y,marta,14
BEFORE,N,N,marta,14
BEFORE,N,Y,marta,14
BEFORE,N,Y,marta,14
AFTER,N,Y,marta,14
BEFORE,N,N,marta,14
BEFORE,N,Y,marta,14
AFTER,N,Y,marta,14
BEFORE,N,Y,marta,14
AFTER,N,N,marta,14
AFTER,N,N,marta,14
BEFORE,N,Y,marta,14
BEFORE,N,Y,marta,14
AFTER,N,Y,marta,14
BEFORE,N,Y,marta,14
AFTER,N,Y,marta,14
AFTER,N,Y,marta,14
BEFORE,N,Y,marta,14
AFTER,N,N,marta,14
BEFORE,N,N,marta,14
AFTER,N,Y,marta,14
BEFORE,N,N,marta,14
BEFORE,N,N,marta,14
BEFORE,N,N,marta,14
BEFORE,N,Y,marta,14
AFTER,N,Y,marta,14
BEFORE,N,N,marta,14
BEFORE,N,N,marta,14
BEFORE,N,Y,marta,14
BEFORE,N,N,marta,14
AFTER,Y,Y,marta,14
AFTER,Y,Y,marta,14
BEFORE,N,Y,marta,14
BEFORE,N,Y,marta,14
AFTER,N,Y,marta,14
BEFORE,N,N,marta,14
BEFORE,N,Y,marta,14
AFTER,N,Y,marta,14
BEFORE,N,Y,marta,14
BEFORE,N,Y,marta,14
AFTER,N,Y,marta,14
BEFORE,N,N,marta,14
BEFORE,N,Y,marta,14
AFTER,Y,Y,marta,14
AFTER,N,Y,marta,14
BEFORE,N,Y,marta,14
AFTER,N,Y,marta,14
AFTER,N,Y,marta,14
BEFORE,N,Y,marta,14
BEFORE,N,Y,marta,14
BEFORE,N,Y,marta,14
BEFORE,N,Y,marta,14
BEFORE,N,N,marta,14
BEFORE,N,N,marta,14
BEFORE,N,Y,marta,14
AFTER,N,Y,marta,14
BEFORE,N,N,marta,14
BEFORE,N,N,marta,14
AFTER,N,N,marta,14
AFTER,N,Y,marta,14
AFTER,Y,Y,marta,14
BEFORE,N,Y,marta,14
BEFORE,N,Y,marta,14
BEFORE,N,Y,marta,14
AFTER,N,Y,marta,14
BEFORE,N,N,marta,14
BEFORE,N,N,marta,14
BEFORE,N,Y,marta,14
BEFORE,N,Y,marta,14
AFTER,N,Y,marta,14
BEFORE,N,Y,marta,14
BEFORE,N,Y,marta,14
BEFORE,N,Y,marta,14
AFTER,N,Y,marta,14
AFTER,N,Y,marta,14
BEFORE,N,N,marta,14
BEFORE,N,N,marta,14
BEFORE,N,N,marta,14
BEFORE,N,N,marta,14
AFTER,N,Y,marta,14
BEFORE,N,Y,marta,14
BEFORE,N,Y,marta,14
AFTER,Y,Y,marta,14
AFTER,N,Y,marta,14
BEFORE,N,N,marta,14
BEFORE,N,N,marta,14
BEFORE,N,N,marta,14
AFTER,N,Y,marta,14
AFTER,N,Y,marta,14
BEFORE,N,Y,marta,14
BEFORE,N,Y,marta,14
BEFORE,N,Y,marta,14
BEFORE,N,N,marta,14
BEFORE,N,Y,marta,14
BEFORE,N,Y,marta,14
BEFORE,N,N,marta,14
BEFORE,N,N,marta,14
BEFORE,N,Y,marta,14
BEFORE,N,N,marta,14
BEFORE,N,N,marta,14
BEFORE,N,Y,marta,14
BEFORE,N,N,marta,14
BEFORE,N,N,marta,14
BEFORE,N,N,marta,14
BEFORE,N,N,marta,14
BEFORE,N,Y,marta,14
BEFORE,N,Y,marta,14
BEFORE,N,Y,marta,14
AFTER,N,Y,marta,14
AFTER,N,Y,marta,14
BEFORE,N,Y,marta,14
BEFORE,N,Y,marta,14
AFTER,N,Y,marta,14
AFTER,N,Y,marta,14
AFTER,N,Y,marta,14
BEFORE,N,N,marta,14
BEFORE,N,N,marta,14
BEFORE,N,N,marta,14
BEFORE,N,N,marta,14
BEFORE,N,Y,marta,14
BEFORE,N,N,marta,14
BEFORE,N,Y,marta,14
BEFORE,N,Y,marta,14
BEFORE,N,N,marta,14
AFTER,N,Y,marta,14
AFTER,N,Y,marta,14
AFTER,N,Y,marta,14
BEFORE,N,N,marta,14
BEFORE,N,Y,marta,14
BEFORE,N,Y,marta,14
BEFORE,N,Y,marta,14
BEFORE,N,Y,marta,14
BEFORE,N,N,marta,14
AFTER,Y,Y,marta,14
BEFORE,N,Y,marta,14
AFTER,N,Y,marta,14
BEFORE,N,N,marta,14
AFTER,N,Y,marta,14
BEFORE,N,Y,marta,14
AFTER,N,Y,marta,14
AFTER,N,Y,marta,14
BEFORE,N,Y,marta,14
AFTER,N,Y,marta,14
BEFORE,N,Y,finnbogi,14
AFTER,N,Y,finnbogi,14
BEFORE,N,Y,finnbogi,14
BEFORE,N,N,finnbogi,14
BEFORE,N,Y,finnbogi,14
BEFORE,N,N,finnbogi,14
BEFORE,N,N,finnbogi,14
BEFORE,N,N,finnbogi,14
AFTER,N,Y,finnbogi,14
BEFORE,N,N,finnbogi,14
BEFORE,N,Y,finnbogi,14
BEFORE,N,N,finnbogi,14
BEFORE,N,Y,finnbogi,14
BEFORE,N,N,finnbogi,14
BEFORE,N,N,finnbogi,14
BEFORE,N,N,finnbogi,14
BEFORE,N,Y,finnbogi,14
BEFORE,N,Y,finnbogi,14
BEFORE,N,Y,finnbogi,14
AFTER,N,N,finnbogi,14
BEFORE,N,N,finnbogi,14
BEFORE,N,Y,finnbogi,14
BEFORE,N,N,finnbogi,14
BEFORE,N,Y,finnbogi,14
BEFORE,N,Y,finnbogi,14
BEFORE,N,N,finnbogi,14
BEFORE,N,Y,finnbogi,14
BEFORE,N,Y,finnbogi,14
BEFORE,N,Y,finnbogi,14
BEFORE,N,Y,finnbogi,14
BEFORE,N,N,finnbogi,14
AFTER,N,Y,finnbogi,14
BEFORE,N,N,finnbogi,14
BEFORE,N,N,finnbogi,14
BEFORE,N,Y,finnbogi,14
BEFORE,N,Y,finnbogi,14
AFTER,N,Y,finnbogi,14
AFTER,N,Y,finnbogi,14
BEFORE,N,N,finnbogi,14
AFTER,N,Y,finnbogi,14
BEFORE,N,Y,finnbogi,14
AFTER,N,Y,finnbogi,14
BEFORE,N,N,finnbogi,14
BEFORE,N,Y,finnbogi,14
BEFORE,N,N,finnbogi,14
BEFORE,N,N,finnbogi,14
BEFORE,N,Y,finnbogi,14
AFTER,N,Y,finnbogi,14
BEFORE,N,Y,finnbogi,14
BEFORE,N,N,finnbogi,14
AFTER,N,Y,finnbogi,14
BEFORE,N,N,finnbogi,14
BEFORE,N,N,finnbogi,14
BEFORE,N,N,finnbogi,14
BEFORE,N,N,finnbogi,14
BEFORE,N,Y,finnbogi,14
AFTER,N,N,finnbogi,14
BEFORE,N,N,finnbogi,14
BEFORE,N,Y,finnbogi,14
BEFORE,N,N,finnbogi,14
BEFORE,N,N,finnbogi,14
BEFORE,N,N,finnbogi,14
AFTER,N,Y,finnbogi,14
BEFORE,N,N,finnbogi,14
BEFORE,N,N,finnbogi,14
BEFORE,N,N,finnbogi,14
BEFORE,N,N,finnbogi,14
BEFORE,N,Y,finnbogi,14
BEFORE,N,Y,finnbogi,14
BEFORE,N,N,finnbogi,14
AFTER,N,Y,finnbogi,14
BEFORE,N,N,finnbogi,14
BEFORE,N,Y,finnbogi,14
BEFORE,N,N,finnbogi,14
BEFORE,N,N,finnbogi,14
BEFORE,N,Y,finnbogi,14
AFTER,N,Y,finnbogi,14
BEFORE,N,N,finnbogi,14
BEFORE,N,N,finnbogi,14
BEFORE,N,N,finnbogi,14
BEFORE,N,Y,finnbogi,14
AFTER,N,N,finnbogi,14
BEFORE,N,Y,finnbogi,14
BEFORE,N,Y,finnbogi,14
BEFORE,N,N,finnbogi,14
BEFORE,N,N,finnbogi,14
BEFORE,N,N,finnbogi,14
BEFORE,N,N,finnbogi,14
BEFORE,N,N,finnbogi,14
BEFORE,N,N,finnbogi,14
BEFORE,N,Y,finnbogi,14
BEFORE,N,N,finnbogi,14
BEFORE,N,N,finnbogi,14
BEFORE,N,N,finnbogi,14
BEFORE,N,N,finnbogi,14
BEFORE,N,N,finnbogi,14
BEFORE,N,Y,finnbogi,14
BEFORE,N,Y,gunnar,15
BEFORE,N,N,gunnar,15
AFTER,N,Y,gunnar,15
BEFORE,N,N,gunnar,15
BEFORE,N,Y,gunnar,15
BEFORE,N,Y,gunnar,15
BEFORE,N,N,gunnar,15
BEFORE,N,N,gunnar,15
AFTER,N,Y,gunnar,15
BEFORE,N,N,gunnar,15
BEFORE,N,N,gunnar,15
AFTER,N,Y,gunnar,15
AFTER,N,Y,gunnar,15
AFTER,N,Y,gunnar,15
AFTER,N,N,gunnar,15
AFTER,N,Y,gunnar,15
AFTER,N,Y,gunnar,15
BEFORE,N,Y,gunnar,15
BEFORE,N,N,gunnar,15
BEFORE,N,N,gunnar,15
BEFORE,N,Y,gunnar,15
BEFORE,N,N,gunnar,15
AFTER,N,Y,gunnar,15
BEFORE,N,N,gunnar,15
BEFORE,N,Y,gunnar,15
BEFORE,N,N,gunnar,15
BEFORE,N,Y,gunnar,15
BEFORE,N,Y,gunnar,15
AFTER,N,Y,gunnar,15
BEFORE,N,N,gunnar,15
BEFORE,N,N,gunnar,15
BEFORE,N,Y,gunnar,15
BEFORE,N,N,gunnar,15
BEFORE,N,N,gunnar,15
BEFORE,N,Y,gunnar,15
AFTER,N,N,gunnar,15
BEFORE,N,Y,gunnar,15
AFTER,N,Y,gunnar,15
BEFORE,N,N,gunnar2,15
BEFORE,N,N,gunnar2,15
BEFORE,N,N,gunnar2,15
BEFORE,N,N,gunnar2,15
BEFORE,N,N,gunnar2,15
BEFORE,N,Y,gunnar2,15
BEFORE,N,N,gunnar2,15
BEFORE,N,N,gunnar2,15
BEFORE,N,N,gunnar2,15
BEFORE,N,N,gunnar2,15
BEFORE,N,N,gunnar2,15
BEFORE,N,Y,gunnar2,15
BEFORE,N,Y,gunnar2,15
BEFORE,N,Y,gunnar2,15
BEFORE,N,N,gunnar2,15
BEFORE,N,N,gunnar2,15
BEFORE,N,N,gunnar2,15
BEFORE,N,N,gunnar2,15
BEFORE,N,N,gunnar2,15
BEFORE,N,N,gunnar2,15
BEFORE,N,N,gunnar2,15
BEFORE,N,N,gunnar2,15
AFTER,N,Y,viglundur,15
AFTER,Y,Y,viglundur,15
BEFORE,N,N,viglundur,15
BEFORE,N,N,viglundur,15
BEFORE,N,Y,viglundur,15
BEFORE,N,Y,viglundur,15
BEFORE,N,N,viglundur,15
BEFORE,N,N,viglundur,15
BEFORE,N,N,viglundur,15
AFTER,N,Y,viglundur,15
BEFORE,N,N,viglundur,15
BEFORE,N,N,viglundur,15
BEFORE,N,N,viglundur,15
BEFORE,N,N,viglundur,15
AFTER,N,Y,viglundur,15
BEFORE,N,Y,viglundur,15
BEFORE,N,Y,viglundur,15
BEFORE,N,N,viglundur,15
BEFORE,N,Y,viglundur,15
BEFORE,N,Y,viglundur,15
BEFORE,N,Y,viglundur,15
BEFORE,N,N,viglundur,15
BEFORE,N,N,viglundur,15
AFTER,N,Y,viglundur,15
AFTER,N,Y,viglundur,15
BEFORE,N,N,viglundur,15
BEFORE,N,Y,viglundur,15
BEFORE,N,N,viglundur,15
BEFORE,N,N,viglundur,15
AFTER,N,Y,viglundur,15
BEFORE,N,N,viglundur,15
BEFORE,N,N,viglundur,15
BEFORE,N,N,viglundur,15
BEFORE,N,N,viglundur,15
BEFORE,N,Y,viglundur,15
BEFORE,N,N,viglundur,15
BEFORE,N,N,viglundur,15
BEFORE,N,N,viglundur,15
BEFORE,N,N,viglundur,15
BEFORE,N,N,viglundur,15
BEFORE,N,N,viglundur,15
BEFORE,N,Y,viglundur,15
BEFORE,N,Y,viglundur,15
BEFORE,N,Y,viglundur,15
BEFORE,N,N,viglundur,15
BEFORE,N,Y,viglundur,15
BEFORE,N,N,viglundur,15
BEFORE,N,N,viglundur,15
BEFORE,N,Y,viglundur,15
BEFORE,N,Y,viglundur,15
BEFORE,N,N,viglundur,15
BEFORE,N,N,viglundur,15
AFTER,N,Y,viglundur,15
BEFORE,N,N,viglundur,15
BEFORE,N,N,viglundur,15
AFTER,N,Y,viglundur,15
BEFORE,N,N,viglundur,15
BEFORE,N,N,viglundur,15
BEFORE,N,N,viglundur,15
BEFORE,N,N,viglundur,15
BEFORE,N,N,bandamenn,15
BEFORE,N,Y,bandamenn,15
BEFORE,N,N,bandamenn,15
BEFORE,N,Y,bandamenn,15
AFTER,N,Y,bandamenn,15
BEFORE,N,N,bandamenn,15
BEFORE,N,N,bandamenn,15
BEFORE,N,Y,bandamenn,15
BEFORE,N,N,bandamenn,15
BEFORE,N,N,bandamenn,15
BEFORE,N,N,bandamenn,15
AFTER,N,Y,bandamenn,15
BEFORE,N,Y,bandamenn,15
BEFORE,N,N,bandamenn,15
BEFORE,N,N,bandamenn,15
AFTER,N,Y,bandamenn,15
BEFORE,N,N,bandamenn,15
BEFORE,N,N,bandamenn,15
BEFORE,N,Y,bandamenn,15
BEFORE,N,Y,bandamenn,15
AFTER,N,Y,bandamenn,15
BEFORE,N,Y,bandamenn,15
BEFORE,N,N,bandamenn,15
BEFORE,N,N,bandamenn,15
BEFORE,N,N,bandamenn,15
BEFORE,N,Y,bandamenn,15
BEFORE,N,Y,bandamenn,15
BEFORE,N,Y,bandamenn,15
BEFORE,N,Y,bandamenn,15
BEFORE,N,N,bandamenn,15
BEFORE,N,Y,bandamenn,15
BEFORE,N,Y,bandamenn,15
BEFORE,N,Y,bandamenn,15
BEFORE,N,Y,bandamenn,15
AFTER,N,Y,bandamenn,15
AFTER,N,Y,judit,15
BEFORE,N,N,judit,15
BEFORE,N,N,judit,15
AFTER,N,N,judit,15
BEFORE,N,N,judit,15
AFTER,N,Y,judit,15
AFTER,N,Y,judit,15
AFTER,N,Y,judit,15
AFTER,N,Y,judit,15
BEFORE,N,N,judit,15
BEFORE,N,N,judit,15
AFTER,N,Y,judit,15
BEFORE,N,Y,judit,15
AFTER,N,Y,judit,15
AFTER,N,Y,judit,15
BEFORE,N,N,judit,15
AFTER,N,Y,judit,15
AFTER,N,Y,judit,15
BEFORE,N,N,judit,15
BEFORE,N,Y,judit,15
AFTER,N,Y,judit,15
BEFORE,N,N,judit,15
AFTER,N,Y,judit,15
AFTER,N,Y,judit,15
BEFORE,N,Y,judit,15
AFTER,N,Y,judit,15
AFTER,N,Y,judit,15
BEFORE,N,N,judit,15
BEFORE,N,Y,judit,15
BEFORE,N,Y,judit,15
BEFORE,N,Y,judit,15
AFTER,N,Y,judit,15
AFTER,N,Y,judit,15
BEFORE,N,N,judit,15
AFTER,N,Y,judit,15
BEFORE,N,N,judit,15
AFTER,N,N,judit,15
BEFORE,N,Y,ectorssaga,15
BEFORE,N,N,ectorssaga,15
BEFORE,N,Y,ectorssaga,15
BEFORE,N,N,ectorssaga,15
BEFORE,N,Y,ectorssaga,15
BEFORE,N,N,ectorssaga,15
BEFORE,N,Y,ectorssaga,15
BEFORE,N,N,ectorssaga,15
BEFORE,N,N,ectorssaga,15
AFTER,Y,Y,ectorssaga,15
BEFORE,N,N,ectorssaga,15
AFTER,N,Y,ectorssaga,15
BEFORE,N,Y,ectorssaga,15
BEFORE,N,N,ectorssaga,15
BEFORE,N,N,ectorssaga,15
BEFORE,N,N,ectorssaga,15
BEFORE,N,N,ectorssaga,15
BEFORE,N,Y,ectorssaga,15
BEFORE,N,N,ectorssaga,15
BEFORE,N,N,ectorssaga,15
BEFORE,N,N,ectorssaga,15
BEFORE,N,Y,ectorssaga,15
BEFORE,N,Y,ectorssaga,15
BEFORE,N,Y,ectorssaga,15
AFTER,N,Y,ectorssaga,15
BEFORE,N,N,ectorssaga,15
BEFORE,N,Y,ectorssaga,15
BEFORE,N,N,ectorssaga,15
BEFORE,N,N,ectorssaga,15
BEFORE,N,Y,ectorssaga,15
BEFORE,N,N,ectorssaga,15
BEFORE,N,N,ectorssaga,15
BEFORE,N,N,ectorssaga,15
BEFORE,N,N,ectorssaga,15
BEFORE,N,N,ectorssaga,15
BEFORE,N,Y,ectorssaga,15
BEFORE,N,Y,ectorssaga,15
BEFORE,N,N,ectorssaga,15
BEFORE,N,Y,ectorssaga,15
BEFORE,N,Y,ectorssaga,15
AFTER,N,Y,ectorssaga,15
BEFORE,N,Y,ectorssaga,15
BEFORE,N,Y,ectorssaga,15
BEFORE,N,N,ectorssaga,15
BEFORE,N,N,ectorssaga,15
BEFORE,N,N,ectorssaga,15
BEFORE,N,N,ectorssaga,15
BEFORE,N,N,ectorssaga,15
AFTER,N,Y,ectorssaga,15
BEFORE,N,Y,ectorssaga,15
BEFORE,N,Y,ectorssaga,15
AFTER,N,Y,ectorssaga,15
BEFORE,N,N,ectorssaga,15
BEFORE,N,N,ectorssaga,15
AFTER,N,Y,ectorssaga,15
BEFORE,N,N,ectorssaga,15
AFTER,N,Y,ectorssaga,15
AFTER,N,Y,ectorssaga,15
BEFORE,N,N,ectorssaga,15
BEFORE,N,Y,ectorssaga,15
BEFORE,N,Y,ectorssaga,15
BEFORE,N,Y,ectorssaga,15
AFTER,Y,Y,ectorssaga,15
BEFORE,N,Y,ectorssaga,15
BEFORE,N,N,ectorssaga,15
BEFORE,N,N,ectorssaga,15
AFTER,N,Y,ectorssaga,15
AFTER,N,Y,ectorssaga,15
BEFORE,N,Y,ectorssaga,15
BEFORE,N,Y,ectorssaga,15
BEFORE,N,N,ectorssaga,15
AFTER,N,Y,ectorssaga,15
BEFORE,N,Y,ectorssaga,15
BEFORE,N,Y,ectorssaga,15
AFTER,N,Y,ectorssaga,15
AFTER,N,Y,ectorssaga,15
AFTER,N,Y,ectorssaga,15
BEFORE,N,N,ectorssaga,15
BEFORE,N,Y,ectorssaga,15
BEFORE,N,N,ectorssaga,15
BEFORE,N,N,ectorssaga,15
AFTER,N,Y,ectorssaga,15
AFTER,N,Y,ectorssaga,15
AFTER,Y,Y,ectorssaga,15
BEFORE,N,Y,ectorssaga,15
BEFORE,N,Y,ectorssaga,15
BEFORE,N,Y,ectorssaga,15
BEFORE,N,N,ectorssaga,15
BEFORE,N,N,ectorssaga,15
BEFORE,N,N,ectorssaga,15
BEFORE,N,N,ectorssaga,15
BEFORE,N,Y,ectorssaga,15
BEFORE,N,N,ectorssaga,15
BEFORE,N,N,ectorssaga,15
BEFORE,N,N,ectorssaga,15
BEFORE,N,N,ectorssaga,15
AFTER,N,Y,ectorssaga,15
BEFORE,N,N,ectorssaga,15
BEFORE,N,N,ectorssaga,15
BEFORE,N,Y,ectorssaga,15
BEFORE,N,Y,ectorssaga,15
AFTER,N,Y,ectorssaga,15
AFTER,N,Y,ectorssaga,15
AFTER,N,Y,ectorssaga,15
BEFORE,N,Y,ectorssaga,15
AFTER,N,Y,ectorssaga,15
BEFORE,N,N,ectorssaga,15
AFTER,Y,Y,ectorssaga,15
BEFORE,N,Y,ectorssaga,15
BEFORE,N,Y,ectorssaga,15
BEFORE,N,Y,ectorssaga,15
BEFORE,N,Y,ectorssaga,15
BEFORE,N,Y,ectorssaga,15
BEFORE,N,N,ectorssaga,15
BEFORE,N,Y,ectorssaga,15
AFTER,N,Y,ectorssaga,15
BEFORE,N,Y,ectorssaga,15
BEFORE,N,N,ectorssaga,15
BEFORE,N,N,ectorssaga,15
AFTER,N,Y,ectorssaga,15
BEFORE,N,N,ectorssaga,15
BEFORE,N,N,ectorssaga,15
BEFORE,N,N,ectorssaga,15
BEFORE,N,Y,ectorssaga,15
AFTER,N,Y,ectorssaga,15
BEFORE,N,Y,ectorssaga,15
AFTER,N,Y,ectorssaga,15
BEFORE,N,Y,ectorssaga,15
BEFORE,N,Y,ectorssaga,15
BEFORE,N,N,ectorssaga,15
BEFORE,N,Y,ectorssaga,15
BEFORE,N,N,ectorssaga,15
BEFORE,N,Y,ectorssaga,15
AFTER,N,Y,ectorssaga,15
BEFORE,N,N,ectorssaga,15
BEFORE,N,Y,ectorssaga,15
AFTER,N,Y,ectorssaga,15
BEFORE,N,N,ectorssaga,15
BEFORE,N,N,ectorssaga,15
BEFORE,N,Y,ectorssaga,15
AFTER,N,Y,ectorssaga,15
BEFORE,N,N,ectorssaga,15
AFTER,N,Y,ectorssaga,15
BEFORE,N,N,ectorssaga,15
AFTER,N,Y,ectorssaga,15
BEFORE,N,N,ectorssaga,15
BEFORE,N,N,ectorssaga,15
BEFORE,N,Y,ectorssaga,15
AFTER,N,Y,ectorssaga,15
AFTER,N,Y,ectorssaga,15
BEFORE,N,Y,ectorssaga,15
AFTER,N,Y,ectorssaga,15
BEFORE,N,Y,ectorssaga,15
AFTER,N,Y,ectorssaga,15
BEFORE,N,N,ectorssaga,15
BEFORE,N,N,ectorssaga,15
BEFORE,N,N,ectorssaga,15
BEFORE,N,N,ectorssaga,15
BEFORE,N,Y,ectorssaga,15
BEFORE,N,N,ectorssaga,15
BEFORE,N,N,ectorssaga,15
BEFORE,N,Y,ectorssaga,15
BEFORE,N,N,ectorssaga,15
BEFORE,N,N,ectorssaga,15
BEFORE,N,N,ectorssaga,15
BEFORE,N,N,ectorssaga,15
BEFORE,N,Y,ectorssaga,15
BEFORE,N,N,ectorssaga,15
BEFORE,N,N,vilhjalmur,15
BEFORE,N,Y,vilhjalmur,15
BEFORE,N,N,vilhjalmur,15
AFTER,N,Y,vilhjalmur,15
AFTER,N,Y,vilhjalmur,15
BEFORE,N,N,vilhjalmur,15
BEFORE,N,N,vilhjalmur,15
AFTER,N,Y,vilhjalmur,15
BEFORE,N,Y,vilhjalmur,15
BEFORE,N,N,vilhjalmur,15
BEFORE,N,N,vilhjalmur,15
BEFORE,N,N,vilhjalmur,15
BEFORE,N,N,vilhjalmur,15
BEFORE,N,N,vilhjalmur,15
BEFORE,N,N,vilhjalmur,15
AFTER,N,Y,vilhjalmur,15
BEFORE,N,Y,vilhjalmur,15
BEFORE,N,N,vilhjalmur,15
AFTER,N,Y,vilhjalmur,15
AFTER,N,Y,vilhjalmur,15
AFTER,N,Y,vilhjalmur,15
BEFORE,N,Y,vilhjalmur,15
BEFORE,N,N,vilhjalmur,15
AFTER,N,Y,vilhjalmur,15
BEFORE,N,Y,vilhjalmur,15
AFTER,N,Y,vilhjalmur,15
BEFORE,N,N,vilhjalmur,15
AFTER,N,Y,vilhjalmur,15
BEFORE,N,Y,vilhjalmur,15
AFTER,N,Y,vilhjalmur,15
AFTER,N,Y,vilhjalmur,15
BEFORE,N,N,vilhjalmur,15
AFTER,N,Y,vilhjalmur,15
BEFORE,N,Y,vilhjalmur,15
BEFORE,N,Y,vilhjalmur,15
BEFORE,N,Y,vilhjalmur,15
BEFORE,N,Y,vilhjalmur,15
BEFORE,N,N,vilhjalmur,15
BEFORE,N,Y,vilhjalmur,15
BEFORE,N,Y,vilhjalmur,15
BEFORE,N,Y,vilhjalmur,15
BEFORE,N,N,vilhjalmur,15
AFTER,N,Y,vilhjalmur,15
BEFORE,N,N,vilhjalmur,15
AFTER,N,Y,vilhjalmur,15
AFTER,N,Y,vilhjalmur,15
BEFORE,N,Y,vilhjalmur,15
AFTER,N,Y,vilhjalmur,15
BEFORE,N,Y,vilhjalmur,15
BEFORE,N,N,vilhjalmur,15
BEFORE,N,Y,vilhjalmur,15
BEFORE,N,N,vilhjalmur,15
BEFORE,N,N,vilhjalmur,15
BEFORE,N,N,vilhjalmur,15
BEFORE,N,Y,vilhjalmur,15
BEFORE,N,Y,vilhjalmur,15
BEFORE,N,Y,vilhjalmur,15
AFTER,N,Y,vilhjalmur,15
BEFORE,N,Y,vilhjalmur,15
BEFORE,N,Y,vilhjalmur,15
BEFORE,N,Y,vilhjalmur,15
BEFORE,N,Y,vilhjalmur,15
BEFORE,N,Y,vilhjalmur,15
AFTER,N,Y,vilhjalmur,15
BEFORE,N,Y,vilhjalmur,15
BEFORE,N,Y,vilhjalmur,15
AFTER,N,Y,vilhjalmur,15
AFTER,N,Y,vilhjalmur,15
AFTER,N,Y,vilhjalmur,15
BEFORE,N,N,vilhjalmur,15
AFTER,N,Y,vilhjalmur,15
AFTER,Y,Y,vilhjalmur,15
BEFORE,N,Y,vilhjalmur,15
BEFORE,N,Y,vilhjalmur,15
BEFORE,N,Y,vilhjalmur,15
BEFORE,N,N,vilhjalmur,15
BEFORE,N,Y,vilhjalmur,15
BEFORE,N,Y,vilhjalmur,15
BEFORE,N,N,vilhjalmur,15
AFTER,N,Y,vilhjalmur,15
BEFORE,N,Y,vilhjalmur,15
AFTER,N,N,vilhjalmur,15
BEFORE,N,Y,vilhjalmur,15
BEFORE,N,Y,vilhjalmur,15
BEFORE,N,N,vilhjalmur,15
AFTER,N,Y,vilhjalmur,15
BEFORE,N,Y,vilhjalmur,15
BEFORE,N,Y,vilhjalmur,15
BEFORE,N,Y,vilhjalmur,15
BEFORE,N,N,vilhjalmur,15
BEFORE,N,Y,vilhjalmur,15
BEFORE,N,Y,vilhjalmur,15
BEFORE,N,Y,vilhjalmur,15
BEFORE,N,Y,vilhjalmur,15
BEFORE,N,Y,vilhjalmur,15
BEFORE,N,N,vilhjalmur,15
BEFORE,N,Y,vilhjalmur,15
AFTER,N,Y,vilhjalmur,15
BEFORE,N,Y,vilhjalmur,15
AFTER,N,Y,vilhjalmur,15
BEFORE,N,N,vilhjalmur,15
BEFORE,N,Y,vilhjalmur,15
BEFORE,N,Y,vilhjalmur,15
BEFORE,N,N,vilhjalmur,15
AFTER,N,Y,vilhjalmur,15
BEFORE,N,Y,vilhjalmur,15
BEFORE,N,Y,vilhjalmur,15
BEFORE,N,Y,vilhjalmur,15
BEFORE,N,N,vilhjalmur,15
AFTER,N,Y,vilhjalmur,15
BEFORE,Y,Y,vilhjalmur,15
BEFORE,N,Y,vilhjalmur,15
BEFORE,N,Y,vilhjalmur,15
AFTER,N,Y,vilhjalmur,15
BEFORE,N,N,vilhjalmur,15
BEFORE,N,N,vilhjalmur,15
BEFORE,N,Y,aevintyri,15
BEFORE,N,Y,aevintyri,15
BEFORE,N,N,aevintyri,15
BEFORE,N,Y,aevintyri,15
BEFORE,N,Y,aevintyri,15
BEFORE,N,N,aevintyri,15
BEFORE,N,Y,aevintyri,15
BEFORE,N,Y,aevintyri,15
BEFORE,N,Y,aevintyri,15
BEFORE,N,N,aevintyri,15
BEFORE,N,Y,aevintyri,15
BEFORE,N,Y,aevintyri,15
BEFORE,N,N,aevintyri,15
BEFORE,N,N,aevintyri,15
BEFORE,N,Y,aevintyri,15
BEFORE,N,Y,aevintyri,15
BEFORE,N,N,aevintyri,15
BEFORE,N,N,aevintyri,15
BEFORE,N,Y,aevintyri,15
BEFORE,N,N,aevintyri,15
BEFORE,N,N,aevintyri,15
BEFORE,N,N,aevintyri,15
BEFORE,N,N,aevintyri,15
BEFORE,N,Y,aevintyri,15
BEFORE,N,Y,aevintyri,15
BEFORE,N,N,aevintyri,15
BEFORE,N,N,aevintyri,15
BEFORE,N,N,aevintyri,15
BEFORE,N,Y,aevintyri,15
BEFORE,N,Y,aevintyri,15
BEFORE,N,Y,aevintyri,15
BEFORE,N,Y,aevintyri,15
BEFORE,N,Y,aevintyri,15
BEFORE,N,N,aevintyri,15
BEFORE,N,N,aevintyri,15
BEFORE,N,Y,aevintyri,15
BEFORE,N,Y,aevintyri,15
BEFORE,N,Y,aevintyri,15
BEFORE,N,N,aevintyri,15
BEFORE,N,Y,aevintyri,15
BEFORE,N,N,aevintyri,15
BEFORE,N,N,aevintyri,15
BEFORE,N,N,aevintyri,15
BEFORE,N,Y,aevintyri,15
BEFORE,N,Y,aevintyri,15
BEFORE,N,N,aevintyri,15
BEFORE,N,N,aevintyri,15
BEFORE,N,Y,aevintyri,15
BEFORE,N,N,aevintyri,15
BEFORE,N,Y,aevintyri,15
BEFORE,N,N,aevintyri,15
BEFORE,N,Y,aevintyri,15
BEFORE,N,Y,aevintyri,15
BEFORE,N,Y,aevintyri,15
AFTER,N,Y,aevintyri,15
BEFORE,N,Y,aevintyri,15
BEFORE,N,N,aevintyri,15
BEFORE,N,Y,aevintyri,15
BEFORE,N,Y,aevintyri,15
AFTER,N,Y,aevintyri,15
BEFORE,N,Y,aevintyri,15
BEFORE,N,Y,aevintyri,15
BEFORE,N,N,aevintyri,15
AFTER,N,Y,aevintyri,15
BEFORE,N,Y,aevintyri,15
BEFORE,N,Y,aevintyri,15
BEFORE,N,N,aevintyri,15
BEFORE,N,N,aevintyri,15
BEFORE,N,Y,aevintyri,15
BEFORE,N,N,aevintyri,15
BEFORE,N,Y,aevintyri,15
BEFORE,N,Y,aevintyri,15
BEFORE,N,Y,aevintyri,15
BEFORE,N,Y,aevintyri,15
BEFORE,N,N,aevintyri,15
BEFORE,N,Y,aevintyri,15
BEFORE,N,Y,aevintyri,15
AFTER,N,Y,jarlmann,15
AFTER,N,Y,jarlmann,15
AFTER,N,Y,jarlmann,15
BEFORE,N,N,jarlmann,15
AFTER,N,Y,jarlmann,15
BEFORE,N,Y,jarlmann,15
AFTER,N,Y,jarlmann,15
BEFORE,N,Y,jarlmann,15
BEFORE,N,Y,jarlmann,15
BEFORE,N,Y,jarlmann,15
BEFORE,N,Y,jarlmann,15
BEFORE,N,N,jarlmann,15
AFTER,N,Y,jarlmann,15
BEFORE,N,Y,jarlmann,15
BEFORE,N,N,jarlmann,15
BEFORE,N,N,jarlmann,15
BEFORE,N,Y,jarlmann,15
BEFORE,N,Y,jarlmann,15
BEFORE,N,Y,jarlmann,15
BEFORE,N,Y,jarlmann,15
BEFORE,N,Y,jarlmann,15
BEFORE,N,Y,jarlmann,15
AFTER,N,Y,jarlmann,15
BEFORE,N,Y,jarlmann,15
BEFORE,N,N,jarlmann,15
BEFORE,N,Y,jarlmann,15
BEFORE,N,N,jarlmann,15
AFTER,N,Y,jarlmann,15
BEFORE,N,Y,jarlmann,15
BEFORE,N,N,jarlmann,15
AFTER,N,Y,jarlmann,15
BEFORE,N,N,jarlmann,15
BEFORE,N,Y,jarlmann,15
BEFORE,N,N,jarlmann,15
AFTER,N,Y,jarlmann,15
BEFORE,N,Y,jarlmann,15
AFTER,N,N,jarlmann,15
BEFORE,N,N,jarlmann,15
AFTER,N,Y,jarlmann,15
BEFORE,N,Y,jarlmann,15
BEFORE,N,Y,jarlmann,15
BEFORE,N,N,jarlmann,15
BEFORE,N,Y,jarlmann,15
BEFORE,N,N,jarlmann,15
BEFORE,N,N,jarlmann,15
BEFORE,N,N,jarlmann,15
BEFORE,N,N,jarlmann,15
AFTER,N,Y,jarlmann,15
BEFORE,N,Y,jarlmann,15
BEFORE,N,Y,jarlmann,15
BEFORE,N,Y,jarlmann,15
AFTER,N,Y,jarlmann,15
BEFORE,N,Y,jarlmann,15
BEFORE,N,N,jarlmann,15
BEFORE,N,Y,jarlmann,15
BEFORE,N,Y,jarlmann,15
BEFORE,N,Y,jarlmann,15
BEFORE,N,Y,jarlmann,15
AFTER,N,Y,jarlmann,15
BEFORE,N,Y,jarlmann,15
BEFORE,N,N,jarlmann,15
BEFORE,N,N,jarlmann,15
BEFORE,N,Y,jarlmann,15
AFTER,N,Y,jarlmann,15
BEFORE,N,N,jarlmann,15
BEFORE,N,N,jarlmann,15
AFTER,N,Y,jarlmann,15
AFTER,N,Y,jarlmann,15
BEFORE,N,N,jarlmann,15
BEFORE,N,Y,jarlmann,15
BEFORE,N,N,jarlmann,15
BEFORE,N,N,jarlmann,15
AFTER,N,Y,jarlmann,15
BEFORE,N,N,jarlmann,15
AFTER,N,Y,jarlmann,15
BEFORE,N,Y,jarlmann,15
AFTER,N,Y,jarlmann,15
BEFORE,N,Y,jarlmann,15
AFTER,N,Y,jarlmann,15
BEFORE,N,Y,jarlmann,15
BEFORE,N,Y,jarlmann,15
BEFORE,N,Y,jarlmann,15
BEFORE,N,Y,jarlmann,15
BEFORE,N,N,jarlmann,15
AFTER,N,Y,jarlmann,15
AFTER,N,Y,jarlmann,15
AFTER,N,Y,jarlmann,15
BEFORE,N,Y,jarlmann,15
BEFORE,N,Y,jarlmann,15
BEFORE,N,Y,jarlmann,15
BEFORE,N,N,jarlmann,15
BEFORE,N,Y,jarlmann,15
